City,month,NO2
Vienna (Austria),2018-01-01,27.3
Brussels (Belgium),2018-01-01,33.2
Sofia (Bulgaria),2018-01-01,49.8
Bern (Switzerland),2018-01-01,25.5
Nicosia (Cyprus),2018-01-01,29.7
Prague (Czech Republic),2018-01-01,27.1
Berlin (Germany),2018-01-01,33.3
Copenhagen (Denmark),2018-01-01,22.1
Tallinn (Estonia),2018-01-01,12.5
Athens (Greece),2018-01-01,35.6
Madrid (Spain),2018-01-01,47.2
EU27 (aggregate),2018-01-01,31.9
Helsinki (Finland),2018-01-01,21.0
Paris (France),2018-01-01,36.7
Zagreb (Croatia),2018-01-01,37.6
Budapest (Hungary),2018-01-01,33.8
Dublin (Ireland),2018-01-01,22.7
Reykjavik (Iceland),2018-01-01,20.4
Rome (Italy),2018-01-01,52.6
Vilnius (Lithuania),2018-01-01,16.4
Luxembourg (Luxembourg),2018-01-01,32.7
Riga (Latvia),2018-01-01,27.8
Valletta (Malta),2018-01-01,30.6
Amsterdam (Netherlands),2018-01-01,31.6
Oslo (Norway),2018-01-01,43.3
Warsaw (Poland),2018-01-01,29.1
Lisbon (Portugal),2018-01-01,31.6
Bucharest (Romania),2018-01-01,50.3
Stockholm (Sweden),2018-01-01,26.9
Ljubljana (Slovenia),2018-01-01,35.5
Bratislava (Slovakia),2018-01-01,27.4
Vienna (Austria),2018-02-01,29.2
Brussels (Belgium),2018-02-01,41.7
Sofia (Bulgaria),2018-02-01,30.0
Bern (Switzerland),2018-02-01,29.1
Nicosia (Cyprus),2018-02-01,30.7
Prague (Czech Republic),2018-02-01,34.3
Berlin (Germany),2018-02-01,38.7
Copenhagen (Denmark),2018-02-01,23.1
Tallinn (Estonia),2018-02-01,15.4
Athens (Greece),2018-02-01,32.1
Madrid (Spain),2018-02-01,44.3
EU27 (aggregate),2018-02-01,34.1
Helsinki (Finland),2018-02-01,28.7
Paris (France),2018-02-01,45.0
Zagreb (Croatia),2018-02-01,37.6
Budapest (Hungary),2018-02-01,35.2
Dublin (Ireland),2018-02-01,25.8
Reykjavik (Iceland),2018-02-01,12.0
Rome (Italy),2018-02-01,48.7
Vilnius (Lithuania),2018-02-01,31.2
Luxembourg (Luxembourg),2018-02-01,39.4
Riga (Latvia),2018-02-01,39.7
Valletta (Malta),2018-02-01,26.9
Amsterdam (Netherlands),2018-02-01,34.3
Oslo (Norway),2018-02-01,38.7
Warsaw (Poland),2018-02-01,35.6
Lisbon (Portugal),2018-02-01,28.7
Bucharest (Romania),2018-02-01,45.5
Stockholm (Sweden),2018-02-01,32.9
Ljubljana (Slovenia),2018-02-01,36.8
Bratislava (Slovakia),2018-02-01,30.7
Vienna (Austria),2018-03-01,32.0
Brussels (Belgium),2018-03-01,38.4
Sofia (Bulgaria),2018-03-01,33.1
Bern (Switzerland),2018-03-01,32.4
Nicosia (Cyprus),2018-03-01,22.9
Prague (Czech Republic),2018-03-01,33.9
Berlin (Germany),2018-03-01,36.6
Copenhagen (Denmark),2018-03-01,26.1
Tallinn (Estonia),2018-03-01,15.8
Athens (Greece),2018-03-01,34.9
Madrid (Spain),2018-03-01,27.3
EU27 (aggregate),2018-03-01,32.8
Helsinki (Finland),2018-03-01,26.1
Paris (France),2018-03-01,45.6
Zagreb (Croatia),2018-03-01,41.9
Budapest (Hungary),2018-03-01,35.7
Dublin (Ireland),2018-03-01,29.1
Reykjavik (Iceland),2018-03-01,12.0
Rome (Italy),2018-03-01,43.7
Vilnius (Lithuania),2018-03-01,28.8
Luxembourg (Luxembourg),2018-03-01,39.3
Riga (Latvia),2018-03-01,28.7
Valletta (Malta),2018-03-01,21.8
Amsterdam (Netherlands),2018-03-01,35.0
Oslo (Norway),2018-03-01,37.7
Warsaw (Poland),2018-03-01,37.2
Lisbon (Portugal),2018-03-01,19.8
Bucharest (Romania),2018-03-01,59.4
Stockholm (Sweden),2018-03-01,31.7
Ljubljana (Slovenia),2018-03-01,32.4
Bratislava (Slovakia),2018-03-01,29.7
Vienna (Austria),2018-04-01,24.9
Brussels (Belgium),2018-04-01,33.4
Sofia (Bulgaria),2018-04-01,26.5
Bern (Switzerland),2018-04-01,22.6
Nicosia (Cyprus),2018-04-01,19.2
Prague (Czech Republic),2018-04-01,30.6
Berlin (Germany),2018-04-01,34.9
Copenhagen (Denmark),2018-04-01,23.4
Tallinn (Estonia),2018-04-01,12.5
Athens (Greece),2018-04-01,44.1
Madrid (Spain),2018-04-01,29.4
EU27 (aggregate),2018-04-01,29.5
Helsinki (Finland),2018-04-01,25.3
Paris (France),2018-04-01,41.5
Zagreb (Croatia),2018-04-01,34.4
Budapest (Hungary),2018-04-01,27.0
Dublin (Ireland),2018-04-01,21.4
Reykjavik (Iceland),2018-04-01,7.8
Rome (Italy),2018-04-01,40.8
Vilnius (Lithuania),2018-04-01,22.4
Luxembourg (Luxembourg),2018-04-01,37.1
Riga (Latvia),2018-04-01,20.5
Valletta (Malta),2018-04-01,31.8
Amsterdam (Netherlands),2018-04-01,34.2
Oslo (Norway),2018-04-01,34.6
Warsaw (Poland),2018-04-01,37.1
Lisbon (Portugal),2018-04-01,23.6
Bucharest (Romania),2018-04-01,48.6
Stockholm (Sweden),2018-04-01,27.2
Ljubljana (Slovenia),2018-04-01,22.3
Bratislava (Slovakia),2018-04-01,22.2
Vienna (Austria),2018-05-01,22.1
Brussels (Belgium),2018-05-01,33.0
Sofia (Bulgaria),2018-05-01,23.5
Bern (Switzerland),2018-05-01,17.8
Nicosia (Cyprus),2018-05-01,17.8
Prague (Czech Republic),2018-05-01,26.1
Berlin (Germany),2018-05-01,25.3
Copenhagen (Denmark),2018-05-01,28.5
Tallinn (Estonia),2018-05-01,12.8
Athens (Greece),2018-05-01,34.1
Madrid (Spain),2018-05-01,28.1
EU27 (aggregate),2018-05-01,27.3
Helsinki (Finland),2018-05-01,24.9
Paris (France),2018-05-01,35.8
Budapest (Hungary),2018-05-01,26.1
Dublin (Ireland),2018-05-01,28.2
Reykjavik (Iceland),2018-05-01,7.0
Rome (Italy),2018-05-01,32.5
Vilnius (Lithuania),2018-05-01,21.0
Luxembourg (Luxembourg),2018-05-01,28.3
Riga (Latvia),2018-05-01,30.4
Valletta (Malta),2018-05-01,30.9
Amsterdam (Netherlands),2018-05-01,29.4
Oslo (Norway),2018-05-01,30.7
Warsaw (Poland),2018-05-01,30.4
Lisbon (Portugal),2018-05-01,22.3
Bucharest (Romania),2018-05-01,49.7
Stockholm (Sweden),2018-05-01,27.8
Ljubljana (Slovenia),2018-05-01,19.6
Bratislava (Slovakia),2018-05-01,21.0
Vienna (Austria),2018-06-01,18.2
Brussels (Belgium),2018-06-01,26.0
Sofia (Bulgaria),2018-06-01,21.1
Bern (Switzerland),2018-06-01,15.6
Nicosia (Cyprus),2018-06-01,12.7
Prague (Czech Republic),2018-06-01,23.2
Berlin (Germany),2018-06-01,26.2
Copenhagen (Denmark),2018-06-01,20.1
Tallinn (Estonia),2018-06-01,4.9
Athens (Greece),2018-06-01,34.9
Madrid (Spain),2018-06-01,25.6
EU27 (aggregate),2018-06-01,23.9
Helsinki (Finland),2018-06-01,16.0
Paris (France),2018-06-01,31.1
Zagreb (Croatia),2018-06-01,22.0
Budapest (Hungary),2018-06-01,22.2
Dublin (Ireland),2018-06-01,26.1
Reykjavik (Iceland),2018-06-01,7.5
Rome (Italy),2018-06-01,28.6
Vilnius (Lithuania),2018-06-01,19.5
Luxembourg (Luxembourg),2018-06-01,25.9
Valletta (Malta),2018-06-01,32.1
Amsterdam (Netherlands),2018-06-01,21.4
Oslo (Norway),2018-06-01,21.9
Warsaw (Poland),2018-06-01,35.8
Lisbon (Portugal),2018-06-01,19.7
Bucharest (Romania),2018-06-01,51.8
Stockholm (Sweden),2018-06-01,19.6
Ljubljana (Slovenia),2018-06-01,17.3
Bratislava (Slovakia),2018-06-01,18.3
Vienna (Austria),2018-07-01,19.0
Brussels (Belgium),2018-07-01,28.1
Sofia (Bulgaria),2018-07-01,17.7
Bern (Switzerland),2018-07-01,17.7
Nicosia (Cyprus),2018-07-01,13.9
Prague (Czech Republic),2018-07-01,25.2
Berlin (Germany),2018-07-01,26.2
Copenhagen (Denmark),2018-07-01,19.1
Tallinn (Estonia),2018-07-01,10.9
Athens (Greece),2018-07-01,38.0
Madrid (Spain),2018-07-01,26.1
EU27 (aggregate),2018-07-01,24.0
Helsinki (Finland),2018-07-01,17.1
Paris (France),2018-07-01,36.5
Zagreb (Croatia),2018-07-01,24.8
Budapest (Hungary),2018-07-01,22.4
Dublin (Ireland),2018-07-01,17.0
Reykjavik (Iceland),2018-07-01,5.8
Rome (Italy),2018-07-01,29.1
Vilnius (Lithuania),2018-07-01,14.6
Luxembourg (Luxembourg),2018-07-01,32.0
Valletta (Malta),2018-07-01,35.6
Amsterdam (Netherlands),2018-07-01,24.0
Oslo (Norway),2018-07-01,22.0
Warsaw (Poland),2018-07-01,34.1
Lisbon (Portugal),2018-07-01,15.5
Bucharest (Romania),2018-07-01,40.4
Stockholm (Sweden),2018-07-01,20.4
Ljubljana (Slovenia),2018-07-01,17.0
Bratislava (Slovakia),2018-07-01,18.8
Vienna (Austria),2018-08-01,22.4
Brussels (Belgium),2018-08-01,22.9
Sofia (Bulgaria),2018-08-01,19.7
Bern (Switzerland),2018-08-01,17.4
Nicosia (Cyprus),2018-08-01,12.3
Prague (Czech Republic),2018-08-01,29.0
Berlin (Germany),2018-08-01,31.4
Copenhagen (Denmark),2018-08-01,21.1
Tallinn (Estonia),2018-08-01,6.7
Athens (Greece),2018-08-01,27.9
Madrid (Spain),2018-08-01,27.6
EU27 (aggregate),2018-08-01,25.2
Helsinki (Finland),2018-08-01,20.7
Paris (France),2018-08-01,27.6
Zagreb (Croatia),2018-08-01,28.0
Budapest (Hungary),2018-08-01,28.5
Dublin (Ireland),2018-08-01,13.2
Reykjavik (Iceland),2018-08-01,4.8
Rome (Italy),2018-08-01,27.0
Vilnius (Lithuania),2018-08-01,19.9
Luxembourg (Luxembourg),2018-08-01,35.1
Riga (Latvia),2018-08-01,28.6
Valletta (Malta),2018-08-01,30.3
Amsterdam (Netherlands),2018-08-01,26.3
Oslo (Norway),2018-08-01,24.2
Warsaw (Poland),2018-08-01,35.9
Lisbon (Portugal),2018-08-01,26.5
Bucharest (Romania),2018-08-01,48.6
Stockholm (Sweden),2018-08-01,20.5
Ljubljana (Slovenia),2018-08-01,18.9
Bratislava (Slovakia),2018-08-01,23.5
Vienna (Austria),2018-09-01,26.7
Brussels (Belgium),2018-09-01,31.6
Sofia (Bulgaria),2018-09-01,19.7
Bern (Switzerland),2018-09-01,21.8
Nicosia (Cyprus),2018-09-01,20.2
Prague (Czech Republic),2018-09-01,33.0
Berlin (Germany),2018-09-01,36.2
Copenhagen (Denmark),2018-09-01,20.8
Tallinn (Estonia),2018-09-01,7.1
Athens (Greece),2018-09-01,36.5
Madrid (Spain),2018-09-01,36.6
EU27 (aggregate),2018-09-01,29.4
Helsinki (Finland),2018-09-01,18.3
Paris (France),2018-09-01,40.7
Zagreb (Croatia),2018-09-01,32.8
Budapest (Hungary),2018-09-01,35.4
Dublin (Ireland),2018-09-01,17.7
Reykjavik (Iceland),2018-09-01,7.7
Rome (Italy),2018-09-01,38.1
Vilnius (Lithuania),2018-09-01,25.9
Luxembourg (Luxembourg),2018-09-01,36.5
Riga (Latvia),2018-09-01,18.1
Valletta (Malta),2018-09-01,36.5
Amsterdam (Netherlands),2018-09-01,31.4
Oslo (Norway),2018-09-01,24.4
Warsaw (Poland),2018-09-01,38.9
Lisbon (Portugal),2018-09-01,30.6
Bucharest (Romania),2018-09-01,52.5
Stockholm (Sweden),2018-09-01,20.6
Ljubljana (Slovenia),2018-09-01,23.9
Bratislava (Slovakia),2018-09-01,26.7
Vienna (Austria),2018-10-01,26.9
Brussels (Belgium),2018-10-01,36.8
Sofia (Bulgaria),2018-10-01,29.3
Bern (Switzerland),2018-10-01,28.4
Nicosia (Cyprus),2018-10-01,31.5
Prague (Czech Republic),2018-10-01,36.1
Berlin (Germany),2018-10-01,39.8
Copenhagen (Denmark),2018-10-01,25.5
Tallinn (Estonia),2018-10-01,8.4
Athens (Greece),2018-10-01,39.5
Madrid (Spain),2018-10-01,38.8
EU27 (aggregate),2018-10-01,33.8
Helsinki (Finland),2018-10-01,21.7
Paris (France),2018-10-01,43.4
Zagreb (Croatia),2018-10-01,35.3
Budapest (Hungary),2018-10-01,40.7
Dublin (Ireland),2018-10-01,25.7
Reykjavik (Iceland),2018-10-01,10.1
Rome (Italy),2018-10-01,42.4
Vilnius (Lithuania),2018-10-01,26.1
Luxembourg (Luxembourg),2018-10-01,34.6
Riga (Latvia),2018-10-01,25.4
Valletta (Malta),2018-10-01,45.1
Amsterdam (Netherlands),2018-10-01,35.2
Oslo (Norway),2018-10-01,32.3
Warsaw (Poland),2018-10-01,40.3
Lisbon (Portugal),2018-10-01,34.4
Bucharest (Romania),2018-10-01,68.0
Stockholm (Sweden),2018-10-01,24.0
Ljubljana (Slovenia),2018-10-01,29.9
Bratislava (Slovakia),2018-10-01,28.0
Vienna (Austria),2018-11-01,28.3
Brussels (Belgium),2018-11-01,36.7
Sofia (Bulgaria),2018-11-01,28.1
Bern (Switzerland),2018-11-01,27.6
Nicosia (Cyprus),2018-11-01,41.5
Prague (Czech Republic),2018-11-01,33.5
Berlin (Germany),2018-11-01,34.8
Copenhagen (Denmark),2018-11-01,27.4
Tallinn (Estonia),2018-11-01,8.5
Athens (Greece),2018-11-01,34.9
Madrid (Spain),2018-11-01,38.3
EU27 (aggregate),2018-11-01,31.6
Helsinki (Finland),2018-11-01,20.4
Paris (France),2018-11-01,41.0
Zagreb (Croatia),2018-11-01,21.9
Budapest (Hungary),2018-11-01,33.7
Dublin (Ireland),2018-11-01,25.5
Reykjavik (Iceland),2018-11-01,17.5
Rome (Italy),2018-11-01,45.4
Vilnius (Lithuania),2018-11-01,18.0
Luxembourg (Luxembourg),2018-11-01,35.9
Riga (Latvia),2018-11-01,27.9
Valletta (Malta),2018-11-01,46.6
Amsterdam (Netherlands),2018-11-01,34.6
Oslo (Norway),2018-11-01,36.4
Warsaw (Poland),2018-11-01,29.2
Lisbon (Portugal),2018-11-01,34.4
Bucharest (Romania),2018-11-01,48.1
Stockholm (Sweden),2018-11-01,25.6
Ljubljana (Slovenia),2018-11-01,23.7
Bratislava (Slovakia),2018-11-01,28.2
Vienna (Austria),2018-12-01,26.9
Brussels (Belgium),2018-12-01,35.8
Sofia (Bulgaria),2018-12-01,35.8
Bern (Switzerland),2018-12-01,29.7
Nicosia (Cyprus),2018-12-01,36.1
Prague (Czech Republic),2018-12-01,27.2
Berlin (Germany),2018-12-01,29.7
Copenhagen (Denmark),2018-12-01,20.8
Tallinn (Estonia),2018-12-01,11.5
Athens (Greece),2018-12-01,37.6
Madrid (Spain),2018-12-01,52.4
EU27 (aggregate),2018-12-01,32.6
Helsinki (Finland),2018-12-01,18.1
Paris (France),2018-12-01,38.6
Zagreb (Croatia),2018-12-01,33.3
Budapest (Hungary),2018-12-01,34.3
Dublin (Ireland),2018-12-01,28.7
Reykjavik (Iceland),2018-12-01,12.9
Rome (Italy),2018-12-01,48.7
Vilnius (Lithuania),2018-12-01,22.4
Luxembourg (Luxembourg),2018-12-01,29.9
Riga (Latvia),2018-12-01,26.6
Valletta (Malta),2018-12-01,45.4
Amsterdam (Netherlands),2018-12-01,33.7
Oslo (Norway),2018-12-01,40.4
Warsaw (Poland),2018-12-01,29.9
Lisbon (Portugal),2018-12-01,39.1
Bucharest (Romania),2018-12-01,47.6
Stockholm (Sweden),2018-12-01,24.2
Ljubljana (Slovenia),2018-12-01,37.9
Bratislava (Slovakia),2018-12-01,27.1
Vienna (Austria),2019-01-01,26.3
Brussels (Belgium),2019-01-01,38.4
Sofia (Bulgaria),2019-01-01,31.1
Bern (Switzerland),2019-01-01,30.5
Nicosia (Cyprus),2019-01-01,38.3
Prague (Czech Republic),2019-01-01,26.9
Berlin (Germany),2019-01-01,31.1
Copenhagen (Denmark),2019-01-01,23.4
Tallinn (Estonia),2019-01-01,18.1
Athens (Greece),2019-01-01,34.3
Madrid (Spain),2019-01-01,54.1
EU27 (aggregate),2019-01-01,34.9
Helsinki (Finland),2019-01-01,28.0
Paris (France),2019-01-01,41.9
Zagreb (Croatia),2019-01-01,43.7
Budapest (Hungary),2019-01-01,35.5
Dublin (Ireland),2019-01-01,32.7
Reykjavik (Iceland),2019-01-01,16.5
Rome (Italy),2019-01-01,47.7
Vilnius (Lithuania),2019-01-01,25.5
Luxembourg (Luxembourg),2019-01-01,33.8
Riga (Latvia),2019-01-01,29.3
Valletta (Malta),2019-01-01,35.7
Amsterdam (Netherlands),2019-01-01,33.5
Oslo (Norway),2019-01-01,53.4
Warsaw (Poland),2019-01-01,32.9
Lisbon (Portugal),2019-01-01,37.5
Bucharest (Romania),2019-01-01,64.6
Stockholm (Sweden),2019-01-01,30.0
Ljubljana (Slovenia),2019-01-01,38.9
Bratislava (Slovakia),2019-01-01,28.2
Vienna (Austria),2019-02-01,32.7
Brussels (Belgium),2019-02-01,46.3
Sofia (Bulgaria),2019-02-01,28.7
Bern (Switzerland),2019-02-01,39.7
Nicosia (Cyprus),2019-02-01,31.6
Prague (Czech Republic),2019-02-01,36.7
Berlin (Germany),2019-02-01,42.3
Copenhagen (Denmark),2019-02-01,24.4
Tallinn (Estonia),2019-02-01,13.1
Athens (Greece),2019-02-01,33.8
Madrid (Spain),2019-02-01,54.8
EU27 (aggregate),2019-02-01,37.1
Helsinki (Finland),2019-02-01,19.6
Paris (France),2019-02-01,54.6
Zagreb (Croatia),2019-02-01,48.0
Budapest (Hungary),2019-02-01,41.8
Dublin (Ireland),2019-02-01,30.6
Reykjavik (Iceland),2019-02-01,14.5
Rome (Italy),2019-02-01,46.9
Vilnius (Lithuania),2019-02-01,21.4
Luxembourg (Luxembourg),2019-02-01,45.6
Riga (Latvia),2019-02-01,26.3
Amsterdam (Netherlands),2019-02-01,45.6
Oslo (Norway),2019-02-01,45.2
Warsaw (Poland),2019-02-01,33.5
Lisbon (Portugal),2019-02-01,39.1
Bucharest (Romania),2019-02-01,67.6
Stockholm (Sweden),2019-02-01,23.9
Ljubljana (Slovenia),2019-02-01,43.8
Bratislava (Slovakia),2019-02-01,32.6
Vienna (Austria),2019-03-01,26.5
Brussels (Belgium),2019-03-01,32.4
Sofia (Bulgaria),2019-03-01,26.9
Bern (Switzerland),2019-03-01,23.8
Nicosia (Cyprus),2019-03-01,27.1
Prague (Czech Republic),2019-03-01,24.9
Berlin (Germany),2019-03-01,28.6
Copenhagen (Denmark),2019-03-01,17.7
Tallinn (Estonia),2019-03-01,11.2
Athens (Greece),2019-03-01,36.7
Madrid (Spain),2019-03-01,35.5
EU27 (aggregate),2019-03-01,29.3
Helsinki (Finland),2019-03-01,19.4
Paris (France),2019-03-01,36.8
Zagreb (Croatia),2019-03-01,39.7
Budapest (Hungary),2019-03-01,32.0
Dublin (Ireland),2019-03-01,26.4
Reykjavik (Iceland),2019-03-01,7.5
Rome (Italy),2019-03-01,42.6
Vilnius (Lithuania),2019-03-01,19.3
Luxembourg (Luxembourg),2019-03-01,31.4
Riga (Latvia),2019-03-01,19.4
Amsterdam (Netherlands),2019-03-01,27.3
Oslo (Norway),2019-03-01,33.5
Warsaw (Poland),2019-03-01,36.9
Lisbon (Portugal),2019-03-01,27.6
Bucharest (Romania),2019-03-01,60.4
Stockholm (Sweden),2019-03-01,22.7
Ljubljana (Slovenia),2019-03-01,27.9
Bratislava (Slovakia),2019-03-01,25.7
Vienna (Austria),2019-04-01,22.4
Brussels (Belgium),2019-04-01,33.3
Sofia (Bulgaria),2019-04-01,21.3
Bern (Switzerland),2019-04-01,21.1
Nicosia (Cyprus),2019-04-01,23.9
Prague (Czech Republic),2019-04-01,28.6
Berlin (Germany),2019-04-01,24.3
Copenhagen (Denmark),2019-04-01,24.2
Tallinn (Estonia),2019-04-01,20.9
Athens (Greece),2019-04-01,40.0
Madrid (Spain),2019-04-01,26.4
EU27 (aggregate),2019-04-01,29.2
Helsinki (Finland),2019-04-01,28.1
Paris (France),2019-04-01,39.7
Zagreb (Croatia),2019-04-01,35.5
Budapest (Hungary),2019-04-01,29.2
Dublin (Ireland),2019-04-01,39.1
Reykjavik (Iceland),2019-04-01,6.2
Rome (Italy),2019-04-01,39.5
Vilnius (Lithuania),2019-04-01,20.6
Luxembourg (Luxembourg),2019-04-01,29.6
Riga (Latvia),2019-04-01,26.0
Amsterdam (Netherlands),2019-04-01,25.6
Oslo (Norway),2019-04-01,28.4
Warsaw (Poland),2019-04-01,29.9
Lisbon (Portugal),2019-04-01,18.4
Bucharest (Romania),2019-04-01,59.4
Stockholm (Sweden),2019-04-01,27.6
Ljubljana (Slovenia),2019-04-01,23.4
Bratislava (Slovakia),2019-04-01,23.4
Vienna (Austria),2019-05-01,18.6
Brussels (Belgium),2019-05-01,32.7
Sofia (Bulgaria),2019-05-01,16.4
Bern (Switzerland),2019-05-01,17.3
Nicosia (Cyprus),2019-05-01,22.2
Prague (Czech Republic),2019-05-01,26.3
Berlin (Germany),2019-05-01,24.5
Copenhagen (Denmark),2019-05-01,16.4
Tallinn (Estonia),2019-05-01,14.6
Athens (Greece),2019-05-01,39.7
Madrid (Spain),2019-05-01,21.7
EU27 (aggregate),2019-05-01,23.8
Helsinki (Finland),2019-05-01,19.6
Paris (France),2019-05-01,33.5
Zagreb (Croatia),2019-05-01,28.0
Budapest (Hungary),2019-05-01,25.5
Dublin (Ireland),2019-05-01,26.9
Reykjavik (Iceland),2019-05-01,6.7
Rome (Italy),2019-05-01,31.8
Vilnius (Lithuania),2019-05-01,17.2
Luxembourg (Luxembourg),2019-05-01,23.8
Riga (Latvia),2019-05-01,19.9
Valletta (Malta),2019-05-01,27.7
Amsterdam (Netherlands),2019-05-01,22.0
Oslo (Norway),2019-05-01,20.7
Warsaw (Poland),2019-05-01,31.1
Lisbon (Portugal),2019-05-01,18.8
Stockholm (Sweden),2019-05-01,22.7
Ljubljana (Slovenia),2019-05-01,17.6
Bratislava (Slovakia),2019-05-01,19.3
Vienna (Austria),2019-06-01,18.9
Brussels (Belgium),2019-06-01,26.4
Sofia (Bulgaria),2019-06-01,19.2
Bern (Switzerland),2019-06-01,15.5
Nicosia (Cyprus),2019-06-01,19.9
Prague (Czech Republic),2019-06-01,22.8
Berlin (Germany),2019-06-01,26.5
Copenhagen (Denmark),2019-06-01,18.9
Tallinn (Estonia),2019-06-01,9.6
Athens (Greece),2019-06-01,34.0
Madrid (Spain),2019-06-01,23.3
EU27 (aggregate),2019-06-01,22.4
Helsinki (Finland),2019-06-01,17.0
Paris (France),2019-06-01,30.7
Zagreb (Croatia),2019-06-01,29.1
Budapest (Hungary),2019-06-01,23.7
Dublin (Ireland),2019-06-01,17.9
Reykjavik (Iceland),2019-06-01,5.0
Rome (Italy),2019-06-01,35.5
Vilnius (Lithuania),2019-06-01,15.1
Luxembourg (Luxembourg),2019-06-01,23.3
Riga (Latvia),2019-06-01,19.1
Valletta (Malta),2019-06-01,37.4
Amsterdam (Netherlands),2019-06-01,23.7
Oslo (Norway),2019-06-01,21.3
Warsaw (Poland),2019-06-01,22.3
Lisbon (Portugal),2019-06-01,16.5
Stockholm (Sweden),2019-06-01,19.7
Ljubljana (Slovenia),2019-06-01,15.7
Bratislava (Slovakia),2019-06-01,16.7
Vienna (Austria),2019-07-01,19.0
Brussels (Belgium),2019-07-01,21.2
Sofia (Bulgaria),2019-07-01,17.7
Bern (Switzerland),2019-07-01,15.0
Nicosia (Cyprus),2019-07-01,16.5
Prague (Czech Republic),2019-07-01,23.1
Berlin (Germany),2019-07-01,21.6
Copenhagen (Denmark),2019-07-01,14.3
Tallinn (Estonia),2019-07-01,7.2
Athens (Greece),2019-07-01,31.0
Madrid (Spain),2019-07-01,24.8
EU27 (aggregate),2019-07-01,22.1
Helsinki (Finland),2019-07-01,14.2
Paris (France),2019-07-01,29.9
Zagreb (Croatia),2019-07-01,28.5
Budapest (Hungary),2019-07-01,25.8
Dublin (Ireland),2019-07-01,19.1
Reykjavik (Iceland),2019-07-01,4.9
Rome (Italy),2019-07-01,31.7
Vilnius (Lithuania),2019-07-01,16.6
Luxembourg (Luxembourg),2019-07-01,23.8
Riga (Latvia),2019-07-01,12.0
Valletta (Malta),2019-07-01,28.5
Amsterdam (Netherlands),2019-07-01,22.3
Oslo (Norway),2019-07-01,16.1
Warsaw (Poland),2019-07-01,26.7
Lisbon (Portugal),2019-07-01,14.6
Bucharest (Romania),2019-07-01,57.4
Stockholm (Sweden),2019-07-01,17.1
Ljubljana (Slovenia),2019-07-01,14.6
Bratislava (Slovakia),2019-07-01,17.1
Vienna (Austria),2019-08-01,18.6
Brussels (Belgium),2019-08-01,23.0
Sofia (Bulgaria),2019-08-01,22.2
Bern (Switzerland),2019-08-01,16.6
Nicosia (Cyprus),2019-08-01,16.8
Prague (Czech Republic),2019-08-01,25.2
Berlin (Germany),2019-08-01,30.6
Copenhagen (Denmark),2019-08-01,20.0
Tallinn (Estonia),2019-08-01,7.1
Athens (Greece),2019-08-01,25.0
Madrid (Spain),2019-08-01,24.9
EU27 (aggregate),2019-08-01,23.7
Helsinki (Finland),2019-08-01,17.9
Paris (France),2019-08-01,28.5
Zagreb (Croatia),2019-08-01,26.7
Budapest (Hungary),2019-08-01,28.9
Dublin (Ireland),2019-08-01,16.7
Reykjavik (Iceland),2019-08-01,5.3
Rome (Italy),2019-08-01,26.9
Vilnius (Lithuania),2019-08-01,22.9
Luxembourg (Luxembourg),2019-08-01,23.8
Riga (Latvia),2019-08-01,24.1
Valletta (Malta),2019-08-01,29.0
Amsterdam (Netherlands),2019-08-01,24.7
Oslo (Norway),2019-08-01,20.4
Warsaw (Poland),2019-08-01,32.3
Lisbon (Portugal),2019-08-01,14.8
Bucharest (Romania),2019-08-01,58.1
Stockholm (Sweden),2019-08-01,18.9
Ljubljana (Slovenia),2019-08-01,14.3
Bratislava (Slovakia),2019-08-01,18.8
Vienna (Austria),2019-09-01,20.2
Brussels (Belgium),2019-09-01,24.5
Sofia (Bulgaria),2019-09-01,27.4
Bern (Switzerland),2019-09-01,18.6
Nicosia (Cyprus),2019-09-01,20.9
Prague (Czech Republic),2019-09-01,25.6
Berlin (Germany),2019-09-01,29.4
Copenhagen (Denmark),2019-09-01,17.7
Tallinn (Estonia),2019-09-01,10.4
Athens (Greece),2019-09-01,32.9
Madrid (Spain),2019-09-01,30.9
EU27 (aggregate),2019-09-01,25.9
Helsinki (Finland),2019-09-01,17.9
Paris (France),2019-09-01,29.2
Zagreb (Croatia),2019-09-01,31.6
Budapest (Hungary),2019-09-01,30.0
Dublin (Ireland),2019-09-01,22.1
Reykjavik (Iceland),2019-09-01,4.6
Rome (Italy),2019-09-01,35.1
Vilnius (Lithuania),2019-09-01,20.6
Luxembourg (Luxembourg),2019-09-01,26.0
Riga (Latvia),2019-09-01,22.4
Valletta (Malta),2019-09-01,30.1
Amsterdam (Netherlands),2019-09-01,25.6
Oslo (Norway),2019-09-01,24.4
Warsaw (Poland),2019-09-01,28.5
Lisbon (Portugal),2019-09-01,24.7
Bucharest (Romania),2019-09-01,57.7
Stockholm (Sweden),2019-09-01,20.1
Ljubljana (Slovenia),2019-09-01,17.5
Bratislava (Slovakia),2019-09-01,20.5
Vienna (Austria),2019-10-01,26.5
Brussels (Belgium),2019-10-01,25.5
Sofia (Bulgaria),2019-10-01,42.5
Bern (Switzerland),2019-10-01,21.8
Nicosia (Cyprus),2019-10-01,31.2
Prague (Czech Republic),2019-10-01,28.0
Berlin (Germany),2019-10-01,31.4
Copenhagen (Denmark),2019-10-01,21.0
Tallinn (Estonia),2019-10-01,11.8
Athens (Greece),2019-10-01,36.2
Madrid (Spain),2019-10-01,40.3
EU27 (aggregate),2019-10-01,30.0
Helsinki (Finland),2019-10-01,18.5
Paris (France),2019-10-01,30.7
Zagreb (Croatia),2019-10-01,33.7
Budapest (Hungary),2019-10-01,37.0
Dublin (Ireland),2019-10-01,26.8
Reykjavik (Iceland),2019-10-01,8.3
Rome (Italy),2019-10-01,44.3
Vilnius (Lithuania),2019-10-01,25.2
Luxembourg (Luxembourg),2019-10-01,25.0
Riga (Latvia),2019-10-01,26.0
Valletta (Malta),2019-10-01,34.0
Amsterdam (Netherlands),2019-10-01,27.8
Oslo (Norway),2019-10-01,31.1
Warsaw (Poland),2019-10-01,32.8
Lisbon (Portugal),2019-10-01,27.0
Bucharest (Romania),2019-10-01,57.2
Stockholm (Sweden),2019-10-01,21.0
Ljubljana (Slovenia),2019-10-01,23.2
Bratislava (Slovakia),2019-10-01,24.5
Vienna (Austria),2019-11-01,23.0
Brussels (Belgium),2019-11-01,32.7
Sofia (Bulgaria),2019-11-01,32.5
Bern (Switzerland),2019-11-01,27.3
Nicosia (Cyprus),2019-11-01,45.1
Prague (Czech Republic),2019-11-01,28.4
Berlin (Germany),2019-11-01,30.3
Copenhagen (Denmark),2019-11-01,22.5
Tallinn (Estonia),2019-11-01,12.3
Athens (Greece),2019-11-01,31.6
Madrid (Spain),2019-11-01,26.0
EU27 (aggregate),2019-11-01,28.9
Helsinki (Finland),2019-11-01,18.3
Paris (France),2019-11-01,36.1
Zagreb (Croatia),2019-11-01,33.5
Budapest (Hungary),2019-11-01,31.5
Dublin (Ireland),2019-11-01,33.9
Reykjavik (Iceland),2019-11-01,20.7
Rome (Italy),2019-11-01,40.3
Vilnius (Lithuania),2019-11-01,14.7
Luxembourg (Luxembourg),2019-11-01,31.3
Riga (Latvia),2019-11-01,24.5
Valletta (Malta),2019-11-01,29.7
Amsterdam (Netherlands),2019-11-01,35.2
Oslo (Norway),2019-11-01,26.2
Warsaw (Poland),2019-11-01,22.5
Lisbon (Portugal),2019-11-01,25.0
Bucharest (Romania),2019-11-01,49.2
Stockholm (Sweden),2019-11-01,22.0
Ljubljana (Slovenia),2019-11-01,27.1
Bratislava (Slovakia),2019-11-01,22.7
Vienna (Austria),2019-12-01,28.3
Brussels (Belgium),2019-12-01,30.6
Sofia (Bulgaria),2019-12-01,46.1
Bern (Switzerland),2019-12-01,28.1
Nicosia (Cyprus),2019-12-01,36.6
Prague (Czech Republic),2019-12-01,28.4
Berlin (Germany),2019-12-01,33.5
Copenhagen (Denmark),2019-12-01,21.0
Tallinn (Estonia),2019-12-01,10.6
Athens (Greece),2019-12-01,31.6
Madrid (Spain),2019-12-01,39.4
EU27 (aggregate),2019-12-01,30.6
Helsinki (Finland),2019-12-01,18.0
Paris (France),2019-12-01,37.6
Zagreb (Croatia),2019-12-01,39.4
Budapest (Hungary),2019-12-01,31.4
Dublin (Ireland),2019-12-01,29.8
Reykjavik (Iceland),2019-12-01,21.5
Rome (Italy),2019-12-01,45.6
Vilnius (Lithuania),2019-12-01,18.4
Luxembourg (Luxembourg),2019-12-01,29.4
Riga (Latvia),2019-12-01,27.6
Valletta (Malta),2019-12-01,21.3
Amsterdam (Netherlands),2019-12-01,33.1
Oslo (Norway),2019-12-01,36.2
Warsaw (Poland),2019-12-01,27.5
Lisbon (Portugal),2019-12-01,29.4
Bucharest (Romania),2019-12-01,47.0
Stockholm (Sweden),2019-12-01,21.5
Ljubljana (Slovenia),2019-12-01,36.9
Bratislava (Slovakia),2019-12-01,25.0
Vienna (Austria),2020-01-01,30.7
Brussels (Belgium),2020-01-01,30.4
Sofia (Bulgaria),2020-01-01,40.4
Bern (Switzerland),2020-01-01,35.7
Nicosia (Cyprus),2020-01-01,33.5
Prague (Czech Republic),2020-01-01,30.2
Berlin (Germany),2020-01-01,33.2
Copenhagen (Denmark),2020-01-01,19.4
Tallinn (Estonia),2020-01-01,10.3
Athens (Greece),2020-01-01,35.0
Madrid (Spain),2020-01-01,45.6
EU27 (aggregate),2020-01-01,32.1
Helsinki (Finland),2020-01-01,16.7
Paris (France),2020-01-01,37.4
Zagreb (Croatia),2020-01-01,48.8
Budapest (Hungary),2020-01-01,37.2
Dublin (Ireland),2020-01-01,25.0
Reykjavik (Iceland),2020-01-01,14.3
Rome (Italy),2020-01-01,57.8
Vilnius (Lithuania),2020-01-01,21.1
Luxembourg (Luxembourg),2020-01-01,28.7
Riga (Latvia),2020-01-01,22.8
Valletta (Malta),2020-01-01,35.7
Amsterdam (Netherlands),2020-01-01,32.1
Oslo (Norway),2020-01-01,33.9
Warsaw (Poland),2020-01-01,27.9
Lisbon (Portugal),2020-01-01,31.8
Bucharest (Romania),2020-01-01,46.1
Stockholm (Sweden),2020-01-01,17.7
Ljubljana (Slovenia),2020-01-01,41.9
Bratislava (Slovakia),2020-01-01,29.2
Vienna (Austria),2020-02-01,21.0
Brussels (Belgium),2020-02-01,23.6
Sofia (Bulgaria),2020-02-01,33.5
Bern (Switzerland),2020-02-01,24.5
Nicosia (Cyprus),2020-02-01,30.5
Prague (Czech Republic),2020-02-01,20.3
Berlin (Germany),2020-02-01,25.8
Copenhagen (Denmark),2020-02-01,15.4
Tallinn (Estonia),2020-02-01,10.4
Athens (Greece),2020-02-01,35.2
Madrid (Spain),2020-02-01,43.9
EU27 (aggregate),2020-02-01,27.5
Helsinki (Finland),2020-02-01,16.4
Paris (France),2020-02-01,28.0
Zagreb (Croatia),2020-02-01,39.4
Budapest (Hungary),2020-02-01,28.8
Dublin (Ireland),2020-02-01,20.1
Reykjavik (Iceland),2020-02-01,14.2
Rome (Italy),2020-02-01,45.3
Vilnius (Lithuania),2020-02-01,21.4
Luxembourg (Luxembourg),2020-02-01,26.8
Riga (Latvia),2020-02-01,22.5
Valletta (Malta),2020-02-01,37.9
Amsterdam (Netherlands),2020-02-01,21.8
Oslo (Norway),2020-02-01,30.9
Warsaw (Poland),2020-02-01,26.3
Lisbon (Portugal),2020-02-01,36.3
Bucharest (Romania),2020-02-01,42.5
Stockholm (Sweden),2020-02-01,20.9
Ljubljana (Slovenia),2020-02-01,27.1
Bratislava (Slovakia),2020-02-01,20.7
Vienna (Austria),2020-03-01,20.7
Brussels (Belgium),2020-03-01,23.7
Sofia (Bulgaria),2020-03-01,24.6
Bern (Switzerland),2020-03-01,19.3
Nicosia (Cyprus),2020-03-01,18.9
Prague (Czech Republic),2020-03-01,24.2
Berlin (Germany),2020-03-01,26.5
Copenhagen (Denmark),2020-03-01,14.9
Tallinn (Estonia),2020-03-01,11.2
Athens (Greece),2020-03-01,29.4
Madrid (Spain),2020-03-01,22.0
EU27 (aggregate),2020-03-01,22.6
Helsinki (Finland),2020-03-01,16.0
Paris (France),2020-03-01,26.8
Zagreb (Croatia),2020-03-01,30.0
Budapest (Hungary),2020-03-01,31.8
Dublin (Ireland),2020-03-01,21.5
Reykjavik (Iceland),2020-03-01,8.3
Rome (Italy),2020-03-01,25.3
Vilnius (Lithuania),2020-03-01,19.7
Luxembourg (Luxembourg),2020-03-01,21.0
Riga (Latvia),2020-03-01,22.6
Valletta (Malta),2020-03-01,23.2
Amsterdam (Netherlands),2020-03-01,20.5
Oslo (Norway),2020-03-01,21.3
Warsaw (Poland),2020-03-01,28.8
Lisbon (Portugal),2020-03-01,17.4
Bucharest (Romania),2020-03-01,35.4
Stockholm (Sweden),2020-03-01,17.9
Ljubljana (Slovenia),2020-03-01,15.4
Bratislava (Slovakia),2020-03-01,20.8
Vienna (Austria),2020-04-01,19.1
Brussels (Belgium),2020-04-01,21.1
Sofia (Bulgaria),2020-04-01,19.9
Bern (Switzerland),2020-04-01,15.7
Nicosia (Cyprus),2020-04-01,8.8
Prague (Czech Republic),2020-04-01,23.8
Berlin (Germany),2020-04-01,23.2
Copenhagen (Denmark),2020-04-01,13.3
Tallinn (Estonia),2020-04-01,7.8
Athens (Greece),2020-04-01,20.4
Madrid (Spain),2020-04-01,11.7
EU27 (aggregate),2020-04-01,17.4
Helsinki (Finland),2020-04-01,10.4
Paris (France),2020-04-01,21.1
Zagreb (Croatia),2020-04-01,21.8
Budapest (Hungary),2020-04-01,26.4
Dublin (Ireland),2020-04-01,18.2
Reykjavik (Iceland),2020-04-01,4.7
Rome (Italy),2020-04-01,17.9
Vilnius (Lithuania),2020-04-01,14.0
Luxembourg (Luxembourg),2020-04-01,18.1
Riga (Latvia),2020-04-01,9.0
Valletta (Malta),2020-04-01,17.5
Amsterdam (Netherlands),2020-04-01,19.8
Oslo (Norway),2020-04-01,19.6
Warsaw (Poland),2020-04-01,26.5
Lisbon (Portugal),2020-04-01,12.0
Bucharest (Romania),2020-04-01,22.6
Stockholm (Sweden),2020-04-01,14.5
Ljubljana (Slovenia),2020-04-01,12.9
Bratislava (Slovakia),2020-04-01,19.7
Vienna (Austria),2020-05-01,15.1
Brussels (Belgium),2020-05-01,19.5
Sofia (Bulgaria),2020-05-01,15.1
Bern (Switzerland),2020-05-01,13.0
Nicosia (Cyprus),2020-05-01,13.4
Prague (Czech Republic),2020-05-01,18.5
Berlin (Germany),2020-05-01,20.4
Copenhagen (Denmark),2020-05-01,12.0
Tallinn (Estonia),2020-05-01,7.9
Athens (Greece),2020-05-01,30.9
Madrid (Spain),2020-05-01,12.7
EU27 (aggregate),2020-05-01,16.9
Helsinki (Finland),2020-05-01,10.5
Paris (France),2020-05-01,21.4
Zagreb (Croatia),2020-05-01,21.2
Budapest (Hungary),2020-05-01,21.5
Dublin (Ireland),2020-05-01,14.1
Reykjavik (Iceland),2020-05-01,4.7
Rome (Italy),2020-05-01,19.8
Vilnius (Lithuania),2020-05-01,15.1
Luxembourg (Luxembourg),2020-05-01,17.0
Riga (Latvia),2020-05-01,9.8
Valletta (Malta),2020-05-01,16.2
Amsterdam (Netherlands),2020-05-01,16.8
Oslo (Norway),2020-05-01,15.6
Warsaw (Poland),2020-05-01,23.6
Lisbon (Portugal),2020-05-01,13.6
Bucharest (Romania),2020-05-01,28.0
Stockholm (Sweden),2020-05-01,15.3
Ljubljana (Slovenia),2020-05-01,12.1
Bratislava (Slovakia),2020-05-01,14.9
Vienna (Austria),2020-06-01,14.0
Brussels (Belgium),2020-06-01,18.9
Sofia (Bulgaria),2020-06-01,16.9
Bern (Switzerland),2020-06-01,12.6
Nicosia (Cyprus),2020-06-01,14.8
Prague (Czech Republic),2020-06-01,18.0
Berlin (Germany),2020-06-01,19.4
Copenhagen (Denmark),2020-06-01,14.4
Tallinn (Estonia),2020-06-01,11.7
Athens (Greece),2020-06-01,27.6
Madrid (Spain),2020-06-01,15.4
EU27 (aggregate),2020-06-01,17.6
Helsinki (Finland),2020-06-01,13.7
Paris (France),2020-06-01,23.5
Zagreb (Croatia),2020-06-01,21.0
Budapest (Hungary),2020-06-01,20.7
Dublin (Ireland),2020-06-01,14.7
Reykjavik (Iceland),2020-06-01,5.4
Rome (Italy),2020-06-01,23.3
Vilnius (Lithuania),2020-06-01,13.1
Luxembourg (Luxembourg),2020-06-01,18.1
Riga (Latvia),2020-06-01,15.3
Valletta (Malta),2020-06-01,17.6
Amsterdam (Netherlands),2020-06-01,18.6
Oslo (Norway),2020-06-01,16.4
Warsaw (Poland),2020-06-01,21.5
Lisbon (Portugal),2020-06-01,11.0
Bucharest (Romania),2020-06-01,29.7
Stockholm (Sweden),2020-06-01,16.4
Ljubljana (Slovenia),2020-06-01,11.9
Bratislava (Slovakia),2020-06-01,15.2
Vienna (Austria),2020-07-01,16.0
Brussels (Belgium),2020-07-01,15.9
Sofia (Bulgaria),2020-07-01,17.4
Bern (Switzerland),2020-07-01,12.2
Nicosia (Cyprus),2020-07-01,16.9
Prague (Czech Republic),2020-07-01,15.2
Berlin (Germany),2020-07-01,21.8
Copenhagen (Denmark),2020-07-01,10.2
Tallinn (Estonia),2020-07-01,7.1
Athens (Greece),2020-07-01,26.9
Madrid (Spain),2020-07-01,19.4
EU27 (aggregate),2020-07-01,17.9
Helsinki (Finland),2020-07-01,11.0
Paris (France),2020-07-01,19.8
Zagreb (Croatia),2020-07-01,21.3
Budapest (Hungary),2020-07-01,25.4
Dublin (Ireland),2020-07-01,11.4
Reykjavik (Iceland),2020-07-01,4.5
Rome (Italy),2020-07-01,25.8
Vilnius (Lithuania),2020-07-01,15.6
Luxembourg (Luxembourg),2020-07-01,18.1
Riga (Latvia),2020-07-01,14.7
Valletta (Malta),2020-07-01,18.0
Amsterdam (Netherlands),2020-07-01,16.7
Oslo (Norway),2020-07-01,13.0
Warsaw (Poland),2020-07-01,24.5
Lisbon (Portugal),2020-07-01,17.6
Bucharest (Romania),2020-07-01,36.0
Stockholm (Sweden),2020-07-01,11.1
Ljubljana (Slovenia),2020-07-01,11.9
Bratislava (Slovakia),2020-07-01,17.3
Vienna (Austria),2020-08-01,16.9
Brussels (Belgium),2020-08-01,19.6
Sofia (Bulgaria),2020-08-01,20.6
Bern (Switzerland),2020-08-01,13.6
Nicosia (Cyprus),2020-08-01,15.0
Prague (Czech Republic),2020-08-01,19.9
Berlin (Germany),2020-08-01,25.5
Copenhagen (Denmark),2020-08-01,19.1
Tallinn (Estonia),2020-08-01,8.6
Athens (Greece),2020-08-01,26.0
Madrid (Spain),2020-08-01,21.5
EU27 (aggregate),2020-08-01,19.5
Helsinki (Finland),2020-08-01,14.1
Paris (France),2020-08-01,24.6
Zagreb (Croatia),2020-08-01,20.5
Budapest (Hungary),2020-08-01,24.0
Dublin (Ireland),2020-08-01,13.8
Reykjavik (Iceland),2020-08-01,5.1
Rome (Italy),2020-08-01,21.6
Vilnius (Lithuania),2020-08-01,17.2
Luxembourg (Luxembourg),2020-08-01,18.0
Riga (Latvia),2020-08-01,23.2
Valletta (Malta),2020-08-01,16.0
Amsterdam (Netherlands),2020-08-01,20.6
Oslo (Norway),2020-08-01,17.7
Warsaw (Poland),2020-08-01,25.0
Lisbon (Portugal),2020-08-01,11.5
Bucharest (Romania),2020-08-01,37.1
Stockholm (Sweden),2020-08-01,15.6
Ljubljana (Slovenia),2020-08-01,12.8
Bratislava (Slovakia),2020-08-01,18.7
Vienna (Austria),2020-09-01,20.8
Brussels (Belgium),2020-09-01,27.1
Sofia (Bulgaria),2020-09-01,24.5
Bern (Switzerland),2020-09-01,16.8
Nicosia (Cyprus),2020-09-01,22.8
Prague (Czech Republic),2020-09-01,25.0
Berlin (Germany),2020-09-01,31.6
Copenhagen (Denmark),2020-09-01,18.5
Tallinn (Estonia),2020-09-01,8.2
Athens (Greece),2020-09-01,25.3
Madrid (Spain),2020-09-01,27.1
EU27 (aggregate),2020-09-01,23.8
Helsinki (Finland),2020-09-01,13.9
Paris (France),2020-09-01,34.8
Zagreb (Croatia),2020-09-01,28.3
Budapest (Hungary),2020-09-01,28.4
Dublin (Ireland),2020-09-01,17.4
Reykjavik (Iceland),2020-09-01,7.6
Rome (Italy),2020-09-01,32.2
Vilnius (Lithuania),2020-09-01,18.3
Luxembourg (Luxembourg),2020-09-01,28.1
Riga (Latvia),2020-09-01,16.8
Valletta (Malta),2020-09-01,17.4
Amsterdam (Netherlands),2020-09-01,26.1
Oslo (Norway),2020-09-01,18.4
Warsaw (Poland),2020-09-01,29.0
Lisbon (Portugal),2020-09-01,23.1
Bucharest (Romania),2020-09-01,43.0
Stockholm (Sweden),2020-09-01,16.0
Ljubljana (Slovenia),2020-09-01,18.0
Bratislava (Slovakia),2020-09-01,21.3
Vienna (Austria),2020-10-01,19.8
Brussels (Belgium),2020-10-01,20.1
Sofia (Bulgaria),2020-10-01,31.4
Bern (Switzerland),2020-10-01,19.3
Nicosia (Cyprus),2020-10-01,25.3
Prague (Czech Republic),2020-10-01,21.3
Berlin (Germany),2020-10-01,25.0
Copenhagen (Denmark),2020-10-01,17.1
Tallinn (Estonia),2020-10-01,11.5
Athens (Greece),2020-10-01,31.5
Madrid (Spain),2020-10-01,28.6
EU27 (aggregate),2020-10-01,23.6
Helsinki (Finland),2020-10-01,14.7
Paris (France),2020-10-01,26.1
Zagreb (Croatia),2020-10-01,30.2
Budapest (Hungary),2020-10-01,28.9
Dublin (Ireland),2020-10-01,19.1
Reykjavik (Iceland),2020-10-01,11.1
Rome (Italy),2020-10-01,34.1
Vilnius (Lithuania),2020-10-01,16.8
Luxembourg (Luxembourg),2020-10-01,22.6
Riga (Latvia),2020-10-01,19.9
Valletta (Malta),2020-10-01,28.3
Amsterdam (Netherlands),2020-10-01,22.7
Oslo (Norway),2020-10-01,24.8
Warsaw (Poland),2020-10-01,23.9
Lisbon (Portugal),2020-10-01,23.6
Bucharest (Romania),2020-10-01,39.8
Stockholm (Sweden),2020-10-01,17.0
Ljubljana (Slovenia),2020-10-01,20.6
Bratislava (Slovakia),2020-10-01,17.6
Vienna (Austria),2020-11-01,23.6
Brussels (Belgium),2020-11-01,27.4
Sofia (Bulgaria),2020-11-01,40.3
Bern (Switzerland),2020-11-01,23.6
Nicosia (Cyprus),2020-11-01,38.6
Prague (Czech Republic),2020-11-01,24.9
Berlin (Germany),2020-11-01,26.9
Copenhagen (Denmark),2020-11-01,17.1
Tallinn (Estonia),2020-11-01,10.0
Athens (Greece),2020-11-01,23.2
Madrid (Spain),2020-11-01,39.5
EU27 (aggregate),2020-11-01,26.4
Helsinki (Finland),2020-11-01,14.9
Paris (France),2020-11-01,34.0
Budapest (Hungary),2020-11-01,31.0
Dublin (Ireland),2020-11-01,22.1
Reykjavik (Iceland),2020-11-01,13.3
Rome (Italy),2020-11-01,36.2
Vilnius (Lithuania),2020-11-01,17.8
Luxembourg (Luxembourg),2020-11-01,28.7
Riga (Latvia),2020-11-01,20.6
Valletta (Malta),2020-11-01,36.4
Amsterdam (Netherlands),2020-11-01,29.4
Oslo (Norway),2020-11-01,26.7
Warsaw (Poland),2020-11-01,22.5
Lisbon (Portugal),2020-11-01,27.3
Bucharest (Romania),2020-11-01,37.3
Stockholm (Sweden),2020-11-01,15.0
Ljubljana (Slovenia),2020-11-01,23.6
Bratislava (Slovakia),2020-11-01,17.4
Vienna (Austria),2020-12-01,20.8
Brussels (Belgium),2020-12-01,25.2
Sofia (Bulgaria),2020-12-01,32.7
Bern (Switzerland),2020-12-01,26.3
Nicosia (Cyprus),2020-12-01,39.2
Prague (Czech Republic),2020-12-01,23.2
Berlin (Germany),2020-12-01,25.1
Copenhagen (Denmark),2020-12-01,18.1
Tallinn (Estonia),2020-12-01,11.7
Athens (Greece),2020-12-01,24.6
Madrid (Spain),2020-12-01,28.9
EU27 (aggregate),2020-12-01,24.7
Helsinki (Finland),2020-12-01,12.3
Paris (France),2020-12-01,30.1
Zagreb (Croatia),2020-12-01,27.2
Budapest (Hungary),2020-12-01,27.0
Dublin (Ireland),2020-12-01,23.9
Reykjavik (Iceland),2020-12-01,12.4
Rome (Italy),2020-12-01,40.1
Vilnius (Lithuania),2020-12-01,15.3
Luxembourg (Luxembourg),2020-12-01,24.3
Riga (Latvia),2020-12-01,19.8
Valletta (Malta),2020-12-01,29.3
Amsterdam (Netherlands),2020-12-01,29.0
Oslo (Norway),2020-12-01,22.2
Warsaw (Poland),2020-12-01,19.7
Lisbon (Portugal),2020-12-01,25.1
Bucharest (Romania),2020-12-01,37.4
Stockholm (Sweden),2020-12-01,14.3
Ljubljana (Slovenia),2020-12-01,26.8
Bratislava (Slovakia),2020-12-01,16.3
Vienna (Austria),2021-01-01,23.4
Brussels (Belgium),2021-01-01,29.0
Sofia (Bulgaria),2021-01-01,31.4
Bern (Switzerland),2021-01-01,27.5
Nicosia (Cyprus),2021-01-01,31.6
Prague (Czech Republic),2021-01-01,25.8
Berlin (Germany),2021-01-01,24.3
Copenhagen (Denmark),2021-01-01,16.9
Tallinn (Estonia),2021-01-01,16.0
Athens (Greece),2021-01-01,28.0
Madrid (Spain),2021-01-01,42.7
EU27 (aggregate),2021-01-01,27.6
Helsinki (Finland),2021-01-01,18.8
Paris (France),2021-01-01,33.4
Zagreb (Croatia),2021-01-01,39.9
Budapest (Hungary),2021-01-01,30.3
Dublin (Ireland),2021-01-01,24.1
Reykjavik (Iceland),2021-01-01,14.1
Rome (Italy),2021-01-01,37.6
Vilnius (Lithuania),2021-01-01,17.6
Luxembourg (Luxembourg),2021-01-01,25.6
Riga (Latvia),2021-01-01,24.1
Valletta (Malta),2021-01-01,27.4
Amsterdam (Netherlands),2021-01-01,25.9
Oslo (Norway),2021-01-01,34.8
Warsaw (Poland),2021-01-01,26.7
Lisbon (Portugal),2021-01-01,24.7
Bucharest (Romania),2021-01-01,46.5
Stockholm (Sweden),2021-01-01,18.8
Ljubljana (Slovenia),2021-01-01,33.6
Bratislava (Slovakia),2021-01-01,20.4
Vienna (Austria),2021-02-01,28.7
Brussels (Belgium),2021-02-01,27.8
Sofia (Bulgaria),2021-02-01,37.0
Bern (Switzerland),2021-02-01,29.6
Nicosia (Cyprus),2021-02-01,28.2
Prague (Czech Republic),2021-02-01,34.4
Berlin (Germany),2021-02-01,32.7
Copenhagen (Denmark),2021-02-01,20.4
Tallinn (Estonia),2021-02-01,18.4
Athens (Greece),2021-02-01,32.7
Madrid (Spain),2021-02-01,29.1
EU27 (aggregate),2021-02-01,29.7
Helsinki (Finland),2021-02-01,24.5
Paris (France),2021-02-01,32.5
Zagreb (Croatia),2021-02-01,44.4
Budapest (Hungary),2021-02-01,33.9
Dublin (Ireland),2021-02-01,16.4
Reykjavik (Iceland),2021-02-01,13.5
Rome (Italy),2021-02-01,41.3
Vilnius (Lithuania),2021-02-01,26.0
Luxembourg (Luxembourg),2021-02-01,26.9
Riga (Latvia),2021-02-01,33.8
Valletta (Malta),2021-02-01,32.0
Amsterdam (Netherlands),2021-02-01,26.9
Oslo (Norway),2021-02-01,36.9
Warsaw (Poland),2021-02-01,34.6
Lisbon (Portugal),2021-02-01,17.5
Bucharest (Romania),2021-02-01,44.0
Stockholm (Sweden),2021-02-01,25.7
Ljubljana (Slovenia),2021-02-01,29.2
Bratislava (Slovakia),2021-02-01,24.2
Vienna (Austria),2021-03-01,25.3
Brussels (Belgium),2021-03-01,30.9
Sofia (Bulgaria),2021-03-01,30.6
Bern (Switzerland),2021-03-01,23.1
Nicosia (Cyprus),2021-03-01,22.7
Prague (Czech Republic),2021-03-01,27.2
Berlin (Germany),2021-03-01,30.6
Copenhagen (Denmark),2021-03-01,17.5
Tallinn (Estonia),2021-03-01,10.8
Athens (Greece),2021-03-01,28.2
Madrid (Spain),2021-03-01,27.8
EU27 (aggregate),2021-03-01,26.3
Helsinki (Finland),2021-03-01,16.9
Paris (France),2021-03-01,35.6
Zagreb (Croatia),2021-03-01,42.1
Budapest (Hungary),2021-03-01,32.2
Dublin (Ireland),2021-03-01,18.8
Reykjavik (Iceland),2021-03-01,11.5
Rome (Italy),2021-03-01,33.5
Vilnius (Lithuania),2021-03-01,20.5
Luxembourg (Luxembourg),2021-03-01,27.3
Riga (Latvia),2021-03-01,21.6
Valletta (Malta),2021-03-01,23.5
Amsterdam (Netherlands),2021-03-01,25.4
Oslo (Norway),2021-03-01,27.8
Warsaw (Poland),2021-03-01,27.9
Lisbon (Portugal),2021-03-01,17.6
Bucharest (Romania),2021-03-01,42.7
Stockholm (Sweden),2021-03-01,18.5
Ljubljana (Slovenia),2021-03-01,32.1
Bratislava (Slovakia),2021-03-01,22.8
Vienna (Austria),2021-04-01,15.8
Brussels (Belgium),2021-04-01,27.3
Sofia (Bulgaria),2021-04-01,24.1
Bern (Switzerland),2021-04-01,17.5
Nicosia (Cyprus),2021-04-01,20.7
Prague (Czech Republic),2021-04-01,18.9
Berlin (Germany),2021-04-01,20.1
Copenhagen (Denmark),2021-04-01,13.8
Tallinn (Estonia),2021-04-01,10.9
Athens (Greece),2021-04-01,31.2
Madrid (Spain),2021-04-01,21.7
EU27 (aggregate),2021-04-01,21.3
Helsinki (Finland),2021-04-01,12.8
Paris (France),2021-04-01,28.3
Zagreb (Croatia),2021-04-01,30.2
Budapest (Hungary),2021-04-01,24.0
Dublin (Ireland),2021-04-01,23.0
Reykjavik (Iceland),2021-04-01,8.8
Rome (Italy),2021-04-01,27.9
Vilnius (Lithuania),2021-04-01,17.2
Luxembourg (Luxembourg),2021-04-01,20.2
Riga (Latvia),2021-04-01,12.9
Valletta (Malta),2021-04-01,23.1
Amsterdam (Netherlands),2021-04-01,18.7
Oslo (Norway),2021-04-01,16.5
Warsaw (Poland),2021-04-01,24.5
Lisbon (Portugal),2021-04-01,18.3
Bucharest (Romania),2021-04-01,35.5
Stockholm (Sweden),2021-04-01,16.3
Ljubljana (Slovenia),2021-04-01,22.0
Bratislava (Slovakia),2021-04-01,15.5
Vienna (Austria),2021-05-01,13.9
Brussels (Belgium),2021-05-01,19.7
Sofia (Bulgaria),2021-05-01,18.5
Bern (Switzerland),2021-05-01,14.5
Nicosia (Cyprus),2021-05-01,15.1
Prague (Czech Republic),2021-05-01,15.2
Berlin (Germany),2021-05-01,19.3
Copenhagen (Denmark),2021-05-01,14.3
Tallinn (Estonia),2021-05-01,11.0
Athens (Greece),2021-05-01,34.0
Madrid (Spain),2021-05-01,17.9
EU27 (aggregate),2021-05-01,18.7
Helsinki (Finland),2021-05-01,13.7
Paris (France),2021-05-01,22.0
Zagreb (Croatia),2021-05-01,28.4
Budapest (Hungary),2021-05-01,21.2
Dublin (Ireland),2021-05-01,17.4
Reykjavik (Iceland),2021-05-01,8.0
Rome (Italy),2021-05-01,22.1
Vilnius (Lithuania),2021-05-01,14.5
Luxembourg (Luxembourg),2021-05-01,15.9
Riga (Latvia),2021-05-01,11.7
Valletta (Malta),2021-05-01,24.9
Amsterdam (Netherlands),2021-05-01,17.1
Oslo (Norway),2021-05-01,15.8
Warsaw (Poland),2021-05-01,19.9
Lisbon (Portugal),2021-05-01,13.5
Bucharest (Romania),2021-05-01,35.5
Stockholm (Sweden),2021-05-01,16.5
Ljubljana (Slovenia),2021-05-01,18.0
Bratislava (Slovakia),2021-05-01,14.4
Vienna (Austria),2021-06-01,16.0
Brussels (Belgium),2021-06-01,22.1
Sofia (Bulgaria),2021-06-01,20.3
Bern (Switzerland),2021-06-01,15.6
Nicosia (Cyprus),2021-06-01,15.4
Prague (Czech Republic),2021-06-01,19.0
Berlin (Germany),2021-06-01,20.7
Copenhagen (Denmark),2021-06-01,17.9
Tallinn (Estonia),2021-06-01,12.4
Athens (Greece),2021-06-01,33.2
Madrid (Spain),2021-06-01,19.2
EU27 (aggregate),2021-06-01,20.4
Helsinki (Finland),2021-06-01,15.7
Paris (France),2021-06-01,25.5
Zagreb (Croatia),2021-06-01,31.9
Budapest (Hungary),2021-06-01,20.6
Dublin (Ireland),2021-06-01,14.8
Reykjavik (Iceland),2021-06-01,7.7
Rome (Italy),2021-06-01,25.0
Vilnius (Lithuania),2021-06-01,15.6
Luxembourg (Luxembourg),2021-06-01,18.8
Riga (Latvia),2021-06-01,11.9
Valletta (Malta),2021-06-01,30.5
Amsterdam (Netherlands),2021-06-01,18.0
Oslo (Norway),2021-06-01,12.8
Warsaw (Poland),2021-06-01,25.8
Lisbon (Portugal),2021-06-01,14.3
Bucharest (Romania),2021-06-01,37.4
Stockholm (Sweden),2021-06-01,15.1
Ljubljana (Slovenia),2021-06-01,19.3
Bratislava (Slovakia),2021-06-01,15.4
Vienna (Austria),2021-07-01,13.3
Brussels (Belgium),2021-07-01,16.3
Sofia (Bulgaria),2021-07-01,18.6
Bern (Switzerland),2021-07-01,15.2
Nicosia (Cyprus),2021-07-01,16.7
Prague (Czech Republic),2021-07-01,16.4
Berlin (Germany),2021-07-01,18.8
Copenhagen (Denmark),2021-07-01,14.9
Tallinn (Estonia),2021-07-01,9.3
Athens (Greece),2021-07-01,27.6
Madrid (Spain),2021-07-01,20.6
EU27 (aggregate),2021-07-01,19.1
Helsinki (Finland),2021-07-01,11.9
Paris (France),2021-07-01,23.7
Zagreb (Croatia),2021-07-01,36.3
Budapest (Hungary),2021-07-01,22.3
Dublin (Ireland),2021-07-01,19.2
Reykjavik (Iceland),2021-07-01,8.5
Rome (Italy),2021-07-01,24.2
Vilnius (Lithuania),2021-07-01,14.1
Luxembourg (Luxembourg),2021-07-01,17.5
Riga (Latvia),2021-07-01,11.0
Valletta (Malta),2021-07-01,23.3
Amsterdam (Netherlands),2021-07-01,16.6
Oslo (Norway),2021-07-01,13.5
Warsaw (Poland),2021-07-01,23.8
Lisbon (Portugal),2021-07-01,12.7
Bucharest (Romania),2021-07-01,43.1
Stockholm (Sweden),2021-07-01,11.7
Ljubljana (Slovenia),2021-07-01,18.5
Bratislava (Slovakia),2021-07-01,13.5
Vienna (Austria),2021-08-01,14.0
Brussels (Belgium),2021-08-01,16.3
Sofia (Bulgaria),2021-08-01,20.4
Bern (Switzerland),2021-08-01,16.0
Nicosia (Cyprus),2021-08-01,14.8
Prague (Czech Republic),2021-08-01,17.0
Berlin (Germany),2021-08-01,18.2
Copenhagen (Denmark),2021-08-01,15.4
Tallinn (Estonia),2021-08-01,8.5
Athens (Greece),2021-08-01,29.9
Madrid (Spain),2021-08-01,20.3
EU27 (aggregate),2021-08-01,18.9
Helsinki (Finland),2021-08-01,11.1
Paris (France),2021-08-01,18.8
Zagreb (Croatia),2021-08-01,38.6
Budapest (Hungary),2021-08-01,23.1
Dublin (Ireland),2021-08-01,16.9
Reykjavik (Iceland),2021-08-01,6.4
Rome (Italy),2021-08-01,20.9
Vilnius (Lithuania),2021-08-01,16.2
Luxembourg (Luxembourg),2021-08-01,14.3
Riga (Latvia),2021-08-01,10.5
Valletta (Malta),2021-08-01,21.6
Amsterdam (Netherlands),2021-08-01,17.1
Oslo (Norway),2021-08-01,13.8
Warsaw (Poland),2021-08-01,23.7
Lisbon (Portugal),2021-08-01,12.0
Bucharest (Romania),2021-08-01,43.5
Stockholm (Sweden),2021-08-01,13.9
Ljubljana (Slovenia),2021-08-01,19.9
Bratislava (Slovakia),2021-08-01,13.6
Vienna (Austria),2021-09-01,22.1
Brussels (Belgium),2021-09-01,23.7
Sofia (Bulgaria),2021-09-01,23.9
Bern (Switzerland),2021-09-01,21.4
Nicosia (Cyprus),2021-09-01,20.0
Prague (Czech Republic),2021-09-01,24.6
Berlin (Germany),2021-09-01,23.5
Copenhagen (Denmark),2021-09-01,20.8
Tallinn (Estonia),2021-09-01,11.3
Athens (Greece),2021-09-01,31.4
Madrid (Spain),2021-09-01,26.9
EU27 (aggregate),2021-09-01,24.7
Helsinki (Finland),2021-09-01,12.9
Paris (France),2021-09-01,31.6
Zagreb (Croatia),2021-09-01,57.3
Budapest (Hungary),2021-09-01,33.6
Dublin (Ireland),2021-09-01,20.3
Reykjavik (Iceland),2021-09-01,6.3
Rome (Italy),2021-09-01,29.7
Vilnius (Lithuania),2021-09-01,17.6
Luxembourg (Luxembourg),2021-09-01,22.2
Riga (Latvia),2021-09-01,16.1
Valletta (Malta),2021-09-01,23.4
Amsterdam (Netherlands),2021-09-01,23.5
Oslo (Norway),2021-09-01,20.5
Warsaw (Poland),2021-09-01,26.0
Lisbon (Portugal),2021-09-01,16.6
Bucharest (Romania),2021-09-01,44.7
Stockholm (Sweden),2021-09-01,17.0
Ljubljana (Slovenia),2021-09-01,26.1
Bratislava (Slovakia),2021-09-01,20.4
Vienna (Austria),2021-10-01,22.5
Brussels (Belgium),2021-10-01,27.7
Sofia (Bulgaria),2021-10-01,23.4
Bern (Switzerland),2021-10-01,24.1
Nicosia (Cyprus),2021-10-01,25.3
Prague (Czech Republic),2021-10-01,27.1
Berlin (Germany),2021-10-01,26.4
Copenhagen (Denmark),2021-10-01,20.1
Tallinn (Estonia),2021-10-01,8.9
Athens (Greece),2021-10-01,27.9
Madrid (Spain),2021-10-01,36.9
EU27 (aggregate),2021-10-01,26.4
Helsinki (Finland),2021-10-01,12.9
Paris (France),2021-10-01,35.3
Zagreb (Croatia),2021-10-01,50.3
Budapest (Hungary),2021-10-01,36.6
Dublin (Ireland),2021-10-01,18.6
Reykjavik (Iceland),2021-10-01,9.7
Rome (Italy),2021-10-01,31.9
Vilnius (Lithuania),2021-10-01,20.0
Luxembourg (Luxembourg),2021-10-01,23.2
Riga (Latvia),2021-10-01,15.5
Valletta (Malta),2021-10-01,30.7
Amsterdam (Netherlands),2021-10-01,25.6
Oslo (Norway),2021-10-01,23.4
Warsaw (Poland),2021-10-01,24.9
Lisbon (Portugal),2021-10-01,28.8
Bucharest (Romania),2021-10-01,44.7
Stockholm (Sweden),2021-10-01,17.0
Ljubljana (Slovenia),2021-10-01,29.1
Bratislava (Slovakia),2021-10-01,21.1
Vienna (Austria),2021-11-01,21.6
Brussels (Belgium),2021-11-01,35.0
Sofia (Bulgaria),2021-11-01,34.9
Bern (Switzerland),2021-11-01,24.3
Nicosia (Cyprus),2021-11-01,37.4
Prague (Czech Republic),2021-11-01,25.5
Berlin (Germany),2021-11-01,25.2
Copenhagen (Denmark),2021-11-01,20.1
Tallinn (Estonia),2021-11-01,12.7
Athens (Greece),2021-11-01,32.9
Madrid (Spain),2021-11-01,36.3
EU27 (aggregate),2021-11-01,28.7
Helsinki (Finland),2021-11-01,16.8
Paris (France),2021-11-01,38.2
Zagreb (Croatia),2021-11-01,44.3
Budapest (Hungary),2021-11-01,32.2
Dublin (Ireland),2021-11-01,24.6
Reykjavik (Iceland),2021-11-01,11.5
Rome (Italy),2021-11-01,33.6
Vilnius (Lithuania),2021-11-01,16.7
Luxembourg (Luxembourg),2021-11-01,25.2
Riga (Latvia),2021-11-01,19.9
Valletta (Malta),2021-11-01,36.6
Amsterdam (Netherlands),2021-11-01,32.0
Oslo (Norway),2021-11-01,28.3
Warsaw (Poland),2021-11-01,23.5
Lisbon (Portugal),2021-11-01,30.5
Bucharest (Romania),2021-11-01,46.1
Stockholm (Sweden),2021-11-01,20.0
Ljubljana (Slovenia),2021-11-01,32.0
Bratislava (Slovakia),2021-11-01,21.2
Vienna (Austria),2021-12-01,22.2
Brussels (Belgium),2021-12-01,30.2
Sofia (Bulgaria),2021-12-01,29.5
Bern (Switzerland),2021-12-01,31.2
Nicosia (Cyprus),2021-12-01,33.8
Prague (Czech Republic),2021-12-01,26.6
Berlin (Germany),2021-12-01,26.7
Copenhagen (Denmark),2021-12-01,20.8
Tallinn (Estonia),2021-12-01,17.9
Athens (Greece),2021-12-01,31.0
Madrid (Spain),2021-12-01,37.2
EU27 (aggregate),2021-12-01,28.8
Helsinki (Finland),2021-12-01,20.3
Paris (France),2021-12-01,34.1
Zagreb (Croatia),2021-12-01,43.0
Budapest (Hungary),2021-12-01,32.7
Dublin (Ireland),2021-12-01,23.3
Reykjavik (Iceland),2021-12-01,16.9
Rome (Italy),2021-12-01,41.8
Vilnius (Lithuania),2021-12-01,16.7
Luxembourg (Luxembourg),2021-12-01,25.0
Riga (Latvia),2021-12-01,32.2
Valletta (Malta),2021-12-01,28.5
Amsterdam (Netherlands),2021-12-01,29.5
Oslo (Norway),2021-12-01,34.0
Warsaw (Poland),2021-12-01,28.3
Lisbon (Portugal),2021-12-01,23.7
Bucharest (Romania),2021-12-01,31.8
Stockholm (Sweden),2021-12-01,23.5
Ljubljana (Slovenia),2021-12-01,45.2
Bratislava (Slovakia),2021-12-01,21.7
Vienna (Austria),2022-01-01,20.6
Brussels (Belgium),2022-01-01,33.2
Sofia (Bulgaria),2022-01-01,27.2
Bern (Switzerland),2022-01-01,30.3
Nicosia (Cyprus),2022-01-01,30.8
Prague (Czech Republic),2022-01-01,21.6
Berlin (Germany),2022-01-01,22.2
Copenhagen (Denmark),2022-01-01,14.7
Tallinn (Estonia),2022-01-01,14.0
Athens (Greece),2022-01-01,32.5
Madrid (Spain),2022-01-01,45.3
EU27 (aggregate),2022-01-01,27.2
Helsinki (Finland),2022-01-01,15.7
Paris (France),2022-01-01,36.4
Zagreb (Croatia),2022-01-01,39.4
Budapest (Hungary),2022-01-01,28.4
Dublin (Ireland),2022-01-01,31.4
Reykjavik (Iceland),2022-01-01,9.4
Rome (Italy),2022-01-01,38.3
Vilnius (Lithuania),2022-01-01,18.8
Luxembourg (Luxembourg),2022-01-01,24.6
Riga (Latvia),2022-01-01,21.3
Valletta (Malta),2022-01-01,29.1
Amsterdam (Netherlands),2022-01-01,27.9
Oslo (Norway),2022-01-01,34.9
Warsaw (Poland),2022-01-01,23.3
Lisbon (Portugal),2022-01-01,28.8
Bucharest (Romania),2022-01-01,30.0
Stockholm (Sweden),2022-01-01,16.1
Ljubljana (Slovenia),2022-01-01,45.2
Bratislava (Slovakia),2022-01-01,18.7
Vienna (Austria),2022-02-01,19.5
Brussels (Belgium),2022-02-01,24.6
Sofia (Bulgaria),2022-02-01,36.7
Bern (Switzerland),2022-02-01,24.9
Nicosia (Cyprus),2022-02-01,32.0
Prague (Czech Republic),2022-02-01,18.9
Berlin (Germany),2022-02-01,20.1
Copenhagen (Denmark),2022-02-01,12.4
Tallinn (Estonia),2022-02-01,12.0
Athens (Greece),2022-02-01,36.9
Madrid (Spain),2022-02-01,40.9
EU27 (aggregate),2022-02-01,26.5
Helsinki (Finland),2022-02-01,18.8
Paris (France),2022-02-01,30.7
Zagreb (Croatia),2022-02-01,41.0
Budapest (Hungary),2022-02-01,29.0
Dublin (Ireland),2022-02-01,16.8
Reykjavik (Iceland),2022-02-01,14.4
Rome (Italy),2022-02-01,36.9
Vilnius (Lithuania),2022-02-01,23.1
Luxembourg (Luxembourg),2022-02-01,20.7
Riga (Latvia),2022-02-01,25.0
Valletta (Malta),2022-02-01,32.5
Amsterdam (Netherlands),2022-02-01,20.9
Oslo (Norway),2022-02-01,27.8
Warsaw (Poland),2022-02-01,25.6
Lisbon (Portugal),2022-02-01,33.5
Bucharest (Romania),2022-02-01,38.1
Stockholm (Sweden),2022-02-01,18.5
Ljubljana (Slovenia),2022-02-01,33.4
Bratislava (Slovakia),2022-02-01,17.6
Vienna (Austria),2022-03-01,28.1
Brussels (Belgium),2022-03-01,38.6
Sofia (Bulgaria),2022-03-01,30.5
Bern (Switzerland),2022-03-01,30.2
Nicosia (Cyprus),2022-03-01,27.0
Prague (Czech Republic),2022-03-01,33.8
Berlin (Germany),2022-03-01,28.7
Copenhagen (Denmark),2022-03-01,20.6
Tallinn (Estonia),2022-03-01,17.2
Athens (Greece),2022-03-01,31.9
Madrid (Spain),2022-03-01,24.9
EU27 (aggregate),2022-03-01,30.7
Helsinki (Finland),2022-03-01,23.6
Paris (France),2022-03-01,39.9
Zagreb (Croatia),2022-03-01,51.6
Budapest (Hungary),2022-03-01,40.6
Dublin (Ireland),2022-03-01,31.3
Reykjavik (Iceland),2022-03-01,10.6
Rome (Italy),2022-03-01,36.7
Vilnius (Lithuania),2022-03-01,23.8
Luxembourg (Luxembourg),2022-03-01,30.1
Riga (Latvia),2022-03-01,31.3
Valletta (Malta),2022-03-01,32.8
Amsterdam (Netherlands),2022-03-01,28.7
Oslo (Norway),2022-03-01,31.9
Warsaw (Poland),2022-03-01,39.2
Lisbon (Portugal),2022-03-01,20.6
Bucharest (Romania),2022-03-01,35.5
Stockholm (Sweden),2022-03-01,23.3
Ljubljana (Slovenia),2022-03-01,33.4
Bratislava (Slovakia),2022-03-01,26.1
Vienna (Austria),2022-04-01,17.6
Brussels (Belgium),2022-04-01,24.3
Sofia (Bulgaria),2022-04-01,24.0
Bern (Switzerland),2022-04-01,17.6
Nicosia (Cyprus),2022-04-01,17.6
Prague (Czech Republic),2022-04-01,23.1
Berlin (Germany),2022-04-01,18.7
Copenhagen (Denmark),2022-04-01,14.2
Tallinn (Estonia),2022-04-01,14.5
Athens (Greece),2022-04-01,33.2
Madrid (Spain),2022-04-01,20.1
EU27 (aggregate),2022-04-01,22.0
Helsinki (Finland),2022-04-01,14.3
Paris (France),2022-04-01,28.0
Zagreb (Croatia),2022-04-01,40.4
Budapest (Hungary),2022-04-01,28.1
Dublin (Ireland),2022-04-01,25.3
Reykjavik (Iceland),2022-04-01,7.1
Rome (Italy),2022-04-01,27.7
Vilnius (Lithuania),2022-04-01,17.6
Luxembourg (Luxembourg),2022-04-01,19.8
Riga (Latvia),2022-04-01,17.6
Valletta (Malta),2022-04-01,24.6
Amsterdam (Netherlands),2022-04-01,19.5
Oslo (Norway),2022-04-01,18.0
Warsaw (Poland),2022-04-01,28.6
Lisbon (Portugal),2022-04-01,15.5
Bucharest (Romania),2022-04-01,26.8
Stockholm (Sweden),2022-04-01,16.6
Ljubljana (Slovenia),2022-04-01,19.7
Bratislava (Slovakia),2022-04-01,15.4
Vienna (Austria),2022-05-01,16.9
Brussels (Belgium),2022-05-01,23.3
Sofia (Bulgaria),2022-05-01,21.0
Bern (Switzerland),2022-05-01,14.6
Nicosia (Cyprus),2022-05-01,16.6
Prague (Czech Republic),2022-05-01,20.6
Berlin (Germany),2022-05-01,18.3
Copenhagen (Denmark),2022-05-01,12.7
Tallinn (Estonia),2022-05-01,9.0
Athens (Greece),2022-05-01,36.4
Madrid (Spain),2022-05-01,19.2
EU27 (aggregate),2022-05-01,20.7
Helsinki (Finland),2022-05-01,12.4
Paris (France),2022-05-01,24.8
Zagreb (Croatia),2022-05-01,29.0
Budapest (Hungary),2022-05-01,23.5
Dublin (Ireland),2022-05-01,17.7
Reykjavik (Iceland),2022-05-01,5.6
Rome (Italy),2022-05-01,28.2
Vilnius (Lithuania),2022-05-01,18.8
Luxembourg (Luxembourg),2022-05-01,19.0
Riga (Latvia),2022-05-01,17.9
Valletta (Malta),2022-05-01,28.9
Amsterdam (Netherlands),2022-05-01,21.6
Oslo (Norway),2022-05-01,14.4
Warsaw (Poland),2022-05-01,28.7
Lisbon (Portugal),2022-05-01,19.1
Bucharest (Romania),2022-05-01,27.7
Stockholm (Sweden),2022-05-01,14.4
Ljubljana (Slovenia),2022-05-01,17.6
Bratislava (Slovakia),2022-05-01,15.8
Vienna (Austria),2022-06-01,13.8
Brussels (Belgium),2022-06-01,21.9
Sofia (Bulgaria),2022-06-01,16.1
Bern (Switzerland),2022-06-01,14.1
Nicosia (Cyprus),2022-06-01,13.3
Prague (Czech Republic),2022-06-01,19.4
Berlin (Germany),2022-06-01,18.4
Copenhagen (Denmark),2022-06-01,12.9
Tallinn (Estonia),2022-06-01,10.2
Athens (Greece),2022-06-01,28.6
Madrid (Spain),2022-06-01,18.5
EU27 (aggregate),2022-06-01,19.0
Helsinki (Finland),2022-06-01,13.5
Paris (France),2022-06-01,24.9
Zagreb (Croatia),2022-06-01,25.1
Budapest (Hungary),2022-06-01,18.9
Dublin (Ireland),2022-06-01,17.4
Reykjavik (Iceland),2022-06-01,5.3
Rome (Italy),2022-06-01,25.4
Vilnius (Lithuania),2022-06-01,16.1
Luxembourg (Luxembourg),2022-06-01,19.1
Riga (Latvia),2022-06-01,19.3
Valletta (Malta),2022-06-01,32.9
Amsterdam (Netherlands),2022-06-01,18.2
Oslo (Norway),2022-06-01,16.2
Warsaw (Poland),2022-06-01,26.7
Lisbon (Portugal),2022-06-01,11.3
Bucharest (Romania),2022-06-01,27.6
Stockholm (Sweden),2022-06-01,13.7
Ljubljana (Slovenia),2022-06-01,16.8
Bratislava (Slovakia),2022-06-01,12.8
Vienna (Austria),2022-07-01,13.6
Brussels (Belgium),2022-07-01,19.2
Sofia (Bulgaria),2022-07-01,13.3
Bern (Switzerland),2022-07-01,14.4
Nicosia (Cyprus),2022-07-01,14.0
Prague (Czech Republic),2022-07-01,18.7
Berlin (Germany),2022-07-01,16.1
Copenhagen (Denmark),2022-07-01,8.6
Tallinn (Estonia),2022-07-01,7.3
Athens (Greece),2022-07-01,25.8
Madrid (Spain),2022-07-01,20.6
EU27 (aggregate),2022-07-01,17.8
Helsinki (Finland),2022-07-01,10.9
Paris (France),2022-07-01,23.4
Zagreb (Croatia),2022-07-01,29.7
Budapest (Hungary),2022-07-01,19.4
Dublin (Ireland),2022-07-01,16.8
Reykjavik (Iceland),2022-07-01,5.2
Rome (Italy),2022-07-01,21.9
Vilnius (Lithuania),2022-07-01,12.6
Luxembourg (Luxembourg),2022-07-01,18.7
Riga (Latvia),2022-07-01,14.9
Valletta (Malta),2022-07-01,24.5
Amsterdam (Netherlands),2022-07-01,17.3
Oslo (Norway),2022-07-01,11.5
Warsaw (Poland),2022-07-01,24.9
Lisbon (Portugal),2022-07-01,20.1
Bucharest (Romania),2022-07-01,28.6
Stockholm (Sweden),2022-07-01,10.8
Ljubljana (Slovenia),2022-07-01,15.8
Bratislava (Slovakia),2022-07-01,12.7
Vienna (Austria),2022-08-01,14.5
Brussels (Belgium),2022-08-01,21.7
Sofia (Bulgaria),2022-08-01,16.6
Bern (Switzerland),2022-08-01,17.3
Nicosia (Cyprus),2022-08-01,10.3
Prague (Czech Republic),2022-08-01,21.0
Berlin (Germany),2022-08-01,18.5
Copenhagen (Denmark),2022-08-01,15.9
Tallinn (Estonia),2022-08-01,9.7
Athens (Greece),2022-08-01,27.5
Madrid (Spain),2022-08-01,19.3
EU27 (aggregate),2022-08-01,18.9
Helsinki (Finland),2022-08-01,14.2
Paris (France),2022-08-01,23.6
Zagreb (Croatia),2022-08-01,27.4
Budapest (Hungary),2022-08-01,19.2
Dublin (Ireland),2022-08-01,19.3
Reykjavik (Iceland),2022-08-01,5.8
Rome (Italy),2022-08-01,19.5
Vilnius (Lithuania),2022-08-01,15.2
Luxembourg (Luxembourg),2022-08-01,18.0
Riga (Latvia),2022-08-01,21.7
Valletta (Malta),2022-08-01,23.3
Amsterdam (Netherlands),2022-08-01,17.4
Oslo (Norway),2022-08-01,15.7
Warsaw (Poland),2022-08-01,25.3
Lisbon (Portugal),2022-08-01,14.4
Bucharest (Romania),2022-08-01,31.8
Stockholm (Sweden),2022-08-01,13.6
Ljubljana (Slovenia),2022-08-01,16.3
Bratislava (Slovakia),2022-08-01,14.5
Vienna (Austria),2022-09-01,16.8
Brussels (Belgium),2022-09-01,26.4
Sofia (Bulgaria),2022-09-01,18.6
Bern (Switzerland),2022-09-01,16.6
Nicosia (Cyprus),2022-09-01,17.4
Prague (Czech Republic),2022-09-01,21.4
Berlin (Germany),2022-09-01,20.9
Copenhagen (Denmark),2022-09-01,13.3
Tallinn (Estonia),2022-09-01,13.3
Athens (Greece),2022-09-01,32.6
Madrid (Spain),2022-09-01,21.9
EU27 (aggregate),2022-09-01,21.6
Helsinki (Finland),2022-09-01,14.2
Paris (France),2022-09-01,29.6
Zagreb (Croatia),2022-09-01,32.9
Budapest (Hungary),2022-09-01,21.5
Dublin (Ireland),2022-09-01,20.7
Reykjavik (Iceland),2022-09-01,10.5
Rome (Italy),2022-09-01,26.0
Vilnius (Lithuania),2022-09-01,16.2
Luxembourg (Luxembourg),2022-09-01,20.9
Riga (Latvia),2022-09-01,18.7
Valletta (Malta),2022-09-01,25.9
Amsterdam (Netherlands),2022-09-01,25.2
Oslo (Norway),2022-09-01,17.7
Warsaw (Poland),2022-09-01,26.0
Lisbon (Portugal),2022-09-01,16.8
Bucharest (Romania),2022-09-01,31.6
Stockholm (Sweden),2022-09-01,17.0
Ljubljana (Slovenia),2022-09-01,21.5
Bratislava (Slovakia),2022-09-01,14.7
Vienna (Austria),2022-10-01,21.4
Brussels (Belgium),2022-10-01,25.0
Sofia (Bulgaria),2022-10-01,30.2
Bern (Switzerland),2022-10-01,19.4
Nicosia (Cyprus),2022-10-01,22.8
Prague (Czech Republic),2022-10-01,24.7
Berlin (Germany),2022-10-01,25.6
Copenhagen (Denmark),2022-10-01,14.3
Tallinn (Estonia),2022-10-01,9.5
Athens (Greece),2022-10-01,32.3
Madrid (Spain),2022-10-01,36.5
EU27 (aggregate),2022-10-01,26.0
Helsinki (Finland),2022-10-01,14.9
Paris (France),2022-10-01,30.4
Zagreb (Croatia),2022-10-01,37.2
Budapest (Hungary),2022-10-01,27.4
Dublin (Ireland),2022-10-01,18.2
Reykjavik (Iceland),2022-10-01,14.4
Rome (Italy),2022-10-01,35.1
Vilnius (Lithuania),2022-10-01,19.9
Luxembourg (Luxembourg),2022-10-01,22.7
Riga (Latvia),2022-10-01,20.9
Valletta (Malta),2022-10-01,38.3
Amsterdam (Netherlands),2022-10-01,27.7
Oslo (Norway),2022-10-01,19.2
Warsaw (Poland),2022-10-01,29.3
Lisbon (Portugal),2022-10-01,24.6
Bucharest (Romania),2022-10-01,47.0
Stockholm (Sweden),2022-10-01,16.8
Ljubljana (Slovenia),2022-10-01,26.0
Bratislava (Slovakia),2022-10-01,23.2
Vienna (Austria),2022-11-01,23.1
Brussels (Belgium),2022-11-01,23.0
Sofia (Bulgaria),2022-11-01,32.7
Bern (Switzerland),2022-11-01,23.4
Nicosia (Cyprus),2022-11-01,31.3
Prague (Czech Republic),2022-11-01,27.6
Berlin (Germany),2022-11-01,24.9
Copenhagen (Denmark),2022-11-01,12.8
Tallinn (Estonia),2022-11-01,11.9
Athens (Greece),2022-11-01,31.8
Madrid (Spain),2022-11-01,29.6
EU27 (aggregate),2022-11-01,25.1
Helsinki (Finland),2022-11-01,13.7
Paris (France),2022-11-01,27.8
Zagreb (Croatia),2022-11-01,32.3
Budapest (Hungary),2022-11-01,25.4
Dublin (Ireland),2022-11-01,22.9
Reykjavik (Iceland),2022-11-01,14.8
Rome (Italy),2022-11-01,35.9
Vilnius (Lithuania),2022-11-01,15.6
Luxembourg (Luxembourg),2022-11-01,21.8
Riga (Latvia),2022-11-01,19.7
Valletta (Malta),2022-11-01,34.3
Amsterdam (Netherlands),2022-11-01,26.1
Oslo (Norway),2022-11-01,16.3
Warsaw (Poland),2022-11-01,24.4
Lisbon (Portugal),2022-11-01,28.0
Bucharest (Romania),2022-11-01,39.1
Stockholm (Sweden),2022-11-01,15.5
Ljubljana (Slovenia),2022-11-01,26.4
Bratislava (Slovakia),2022-11-01,19.9
Vienna (Austria),2022-12-01,23.0
Brussels (Belgium),2022-12-01,30.4
Sofia (Bulgaria),2022-12-01,35.0
Bern (Switzerland),2022-12-01,27.4
Nicosia (Cyprus),2022-12-01,33.9
Prague (Czech Republic),2022-12-01,27.5
Berlin (Germany),2022-12-01,24.2
Copenhagen (Denmark),2022-12-01,17.6
Tallinn (Estonia),2022-12-01,14.3
Athens (Greece),2022-12-01,34.3
Madrid (Spain),2022-12-01,33.9
EU27 (aggregate),2022-12-01,27.6
Helsinki (Finland),2022-12-01,23.8
Paris (France),2022-12-01,30.2
Zagreb (Croatia),2022-12-01,33.7
Budapest (Hungary),2022-12-01,29.9
Dublin (Ireland),2022-12-01,28.0
Reykjavik (Iceland),2022-12-01,26.9
Rome (Italy),2022-12-01,39.9
Vilnius (Lithuania),2022-12-01,18.2
Luxembourg (Luxembourg),2022-12-01,23.9
Riga (Latvia),2022-12-01,25.9
Valletta (Malta),2022-12-01,35.8
Amsterdam (Netherlands),2022-12-01,30.6
Oslo (Norway),2022-12-01,30.9
Warsaw (Poland),2022-12-01,25.9
Lisbon (Portugal),2022-12-01,22.8
Bucharest (Romania),2022-12-01,35.4
Stockholm (Sweden),2022-12-01,19.6
Ljubljana (Slovenia),2022-12-01,28.8
Bratislava (Slovakia),2022-12-01,18.3
Vienna (Austria),2023-01-01,20.2
Brussels (Belgium),2023-01-01,24.1
Sofia (Bulgaria),2023-01-01,25.2
Bern (Switzerland),2023-01-01,24.4
Nicosia (Cyprus),2023-01-01,32.3
Prague (Czech Republic),2023-01-01,21.5
Berlin (Germany),2023-01-01,21.5
Copenhagen (Denmark),2023-01-01,12.6
Tallinn (Estonia),2023-01-01,12.8
Athens (Greece),2023-01-01,33.5
Madrid (Spain),2023-01-01,33.5
EU27 (aggregate),2023-01-01,24.1
Helsinki (Finland),2023-01-01,16.2
Paris (France),2023-01-01,26.4
Zagreb (Croatia),2023-01-01,26.4
Budapest (Hungary),2023-01-01,24.4
Dublin (Ireland),2023-01-01,24.6
Reykjavik (Iceland),2023-01-01,16.0
Rome (Italy),2023-01-01,36.7
Vilnius (Lithuania),2023-01-01,16.1
Luxembourg (Luxembourg),2023-01-01,17.8
Riga (Latvia),2023-01-01,20.1
Valletta (Malta),2023-01-01,34.7
Amsterdam (Netherlands),2023-01-01,20.7
Oslo (Norway),2023-01-01,32.0
Warsaw (Poland),2023-01-01,21.1
Lisbon (Portugal),2023-01-01,27.7
Bucharest (Romania),2023-01-01,34.7
Stockholm (Sweden),2023-01-01,16.2
Ljubljana (Slovenia),2023-01-01,32.9
Bratislava (Slovakia),2023-01-01,18.2
Vienna (Austria),2023-02-01,19.5
Brussels (Belgium),2023-02-01,32.5
Sofia (Bulgaria),2023-02-01,26.3
Bern (Switzerland),2023-02-01,29.7
Nicosia (Cyprus),2023-02-01,32.5
Prague (Czech Republic),2023-02-01,26.3
Berlin (Germany),2023-02-01,26.1
Copenhagen (Denmark),2023-02-01,14.6
Tallinn (Estonia),2023-02-01,13.1
Athens (Greece),2023-02-01,36.2
Madrid (Spain),2023-02-01,38.2
EU27 (aggregate),2023-02-01,28.0
Helsinki (Finland),2023-02-01,16.2
Paris (France),2023-02-01,36.6
Zagreb (Croatia),2023-02-01,36.4
Budapest (Hungary),2023-02-01,30.8
Dublin (Ireland),2023-02-01,23.6
Reykjavik (Iceland),2023-02-01,8.2
Rome (Italy),2023-02-01,42.8
Vilnius (Lithuania),2023-02-01,21.8
Luxembourg (Luxembourg),2023-02-01,26.9
Riga (Latvia),2023-02-01,19.8
Valletta (Malta),2023-02-01,38.6
Amsterdam (Netherlands),2023-02-01,29.3
Oslo (Norway),2023-02-01,32.5
Warsaw (Poland),2023-02-01,24.8
Lisbon (Portugal),2023-02-01,29.8
Bucharest (Romania),2023-02-01,39.8
Stockholm (Sweden),2023-02-01,18.6
Ljubljana (Slovenia),2023-02-01,34.6
Bratislava (Slovakia),2023-02-01,20.5
Vienna (Austria),2023-03-01,23.0
Brussels (Belgium),2023-03-01,24.6
Sofia (Bulgaria),2023-03-01,26.8
Bern (Switzerland),2023-03-01,21.6
Nicosia (Cyprus),2023-03-01,23.0
Prague (Czech Republic),2023-03-01,24.5
Berlin (Germany),2023-03-01,23.9
Copenhagen (Denmark),2023-03-01,16.4
Tallinn (Estonia),2023-03-01,10.7
Athens (Greece),2023-03-01,35.1
Madrid (Spain),2023-03-01,27.2
EU27 (aggregate),2023-03-01,24.2
Helsinki (Finland),2023-03-01,15.5
Paris (France),2023-03-01,25.3
Zagreb (Croatia),2023-03-01,29.6
Budapest (Hungary),2023-03-01,27.7
Dublin (Ireland),2023-03-01,23.7
Reykjavik (Iceland),2023-03-01,9.2
Rome (Italy),2023-03-01,30.9
Vilnius (Lithuania),2023-03-01,18.9
Luxembourg (Luxembourg),2023-03-01,25.4
Riga (Latvia),2023-03-01,19.7
Valletta (Malta),2023-03-01,25.9
Amsterdam (Netherlands),2023-03-01,21.5
Oslo (Norway),2023-03-01,28.3
Warsaw (Poland),2023-03-01,28.5
Lisbon (Portugal),2023-03-01,23.6
Bucharest (Romania),2023-03-01,35.1
Stockholm (Sweden),2023-03-01,17.7
Ljubljana (Slovenia),2023-03-01,29.4
Bratislava (Slovakia),2023-03-01,20.8
Vienna (Austria),2023-04-01,16.9
Brussels (Belgium),2023-04-01,25.1
Sofia (Bulgaria),2023-04-01,18.3
Bern (Switzerland),2023-04-01,15.1
Nicosia (Cyprus),2023-04-01,19.2
Prague (Czech Republic),2023-04-01,22.6
Berlin (Germany),2023-04-01,19.8
Copenhagen (Denmark),2023-04-01,13.7
Tallinn (Estonia),2023-04-01,16.1
Athens (Greece),2023-04-01,30.9
Madrid (Spain),2023-04-01,21.6
EU27 (aggregate),2023-04-01,20.8
Helsinki (Finland),2023-04-01,15.9
Paris (France),2023-04-01,24.6
Zagreb (Croatia),2023-04-01,27.3
Budapest (Hungary),2023-04-01,22.5
Dublin (Ireland),2023-04-01,26.0
Reykjavik (Iceland),2023-04-01,6.3
Rome (Italy),2023-04-01,24.9
Vilnius (Lithuania),2023-04-01,15.7
Luxembourg (Luxembourg),2023-04-01,19.0
Riga (Latvia),2023-04-01,17.8
Valletta (Malta),2023-04-01,25.0
Amsterdam (Netherlands),2023-04-01,18.6
Oslo (Norway),2023-04-01,16.8
Warsaw (Poland),2023-04-01,21.6
Lisbon (Portugal),2023-04-01,21.1
Bucharest (Romania),2023-04-01,26.5
Stockholm (Sweden),2023-04-01,15.2
Ljubljana (Slovenia),2023-04-01,22.1
Bratislava (Slovakia),2023-04-01,13.9
Vienna (Austria),2023-05-01,14.6
Brussels (Belgium),2023-05-01,22.0
Sofia (Bulgaria),2023-05-01,14.7
Bern (Switzerland),2023-05-01,14.0
Nicosia (Cyprus),2023-05-01,16.8
Prague (Czech Republic),2023-05-01,18.6
Berlin (Germany),2023-05-01,16.1
Copenhagen (Denmark),2023-05-01,13.0
Tallinn (Estonia),2023-05-01,11.3
Athens (Greece),2023-05-01,31.8
Madrid (Spain),2023-05-01,16.3
EU27 (aggregate),2023-05-01,18.9
Helsinki (Finland),2023-05-01,14.3
Paris (France),2023-05-01,20.0
Zagreb (Croatia),2023-05-01,24.5
Budapest (Hungary),2023-05-01,17.8
Dublin (Ireland),2023-05-01,23.8
Reykjavik (Iceland),2023-05-01,5.4
Rome (Italy),2023-05-01,25.1
Vilnius (Lithuania),2023-05-01,20.5
Luxembourg (Luxembourg),2023-05-01,15.7
Riga (Latvia),2023-05-01,18.6
Valletta (Malta),2023-05-01,22.3
Amsterdam (Netherlands),2023-05-01,16.6
Oslo (Norway),2023-05-01,13.7
Warsaw (Poland),2023-05-01,22.0
Lisbon (Portugal),2023-05-01,16.4
Bucharest (Romania),2023-05-01,31.5
Stockholm (Sweden),2023-05-01,15.4
Ljubljana (Slovenia),2023-05-01,18.4
Bratislava (Slovakia),2023-05-01,12.2
Vienna (Austria),2023-06-01,15.8
Brussels (Belgium),2023-06-01,22.4
Sofia (Bulgaria),2023-06-01,14.4
Bern (Switzerland),2023-06-01,15.5
Nicosia (Cyprus),2023-06-01,14.8
Prague (Czech Republic),2023-06-01,20.6
Berlin (Germany),2023-06-01,16.7
Copenhagen (Denmark),2023-06-01,10.3
Tallinn (Estonia),2023-06-01,12.1
Athens (Greece),2023-06-01,33.0
Madrid (Spain),2023-06-01,20.4
EU27 (aggregate),2023-06-01,19.1
Helsinki (Finland),2023-06-01,13.9
Paris (France),2023-06-01,22.2
Zagreb (Croatia),2023-06-01,27.5
Budapest (Hungary),2023-06-01,18.7
Dublin (Ireland),2023-06-01,24.5
Reykjavik (Iceland),2023-06-01,6.7
Rome (Italy),2023-06-01,23.4
Vilnius (Lithuania),2023-06-01,16.4
Luxembourg (Luxembourg),2023-06-01,17.5
Riga (Latvia),2023-06-01,20.4
Valletta (Malta),2023-06-01,24.7
Amsterdam (Netherlands),2023-06-01,15.7
Oslo (Norway),2023-06-01,12.8
Warsaw (Poland),2023-06-01,24.7
Lisbon (Portugal),2023-06-01,13.7
Bucharest (Romania),2023-06-01,27.9
Stockholm (Sweden),2023-06-01,13.7
Ljubljana (Slovenia),2023-06-01,16.5
Bratislava (Slovakia),2023-06-01,14.1
Vienna (Austria),2023-07-01,13.9
Brussels (Belgium),2023-07-01,15.1
Sofia (Bulgaria),2023-07-01,15.5
Bern (Switzerland),2023-07-01,11.8
Nicosia (Cyprus),2023-07-01,16.8
Prague (Czech Republic),2023-07-01,16.4
Berlin (Germany),2023-07-01,16.5
Copenhagen (Denmark),2023-07-01,9.6
Tallinn (Estonia),2023-07-01,5.1
Athens (Greece),2023-07-01,35.9
Madrid (Spain),2023-07-01,20.0
EU27 (aggregate),2023-07-01,17.3
Helsinki (Finland),2023-07-01,10.0
Paris (France),2023-07-01,16.9
Zagreb (Croatia),2023-07-01,28.9
Budapest (Hungary),2023-07-01,17.6
Dublin (Ireland),2023-07-01,13.1
Reykjavik (Iceland),2023-07-01,8.7
Rome (Italy),2023-07-01,21.8
Vilnius (Lithuania),2023-07-01,16.1
Luxembourg (Luxembourg),2023-07-01,14.4
Riga (Latvia),2023-07-01,20.3
Valletta (Malta),2023-07-01,30.1
Amsterdam (Netherlands),2023-07-01,14.6
Oslo (Norway),2023-07-01,9.7
Warsaw (Poland),2023-07-01,25.6
Lisbon (Portugal),2023-07-01,9.8
Bucharest (Romania),2023-07-01,28.0
Stockholm (Sweden),2023-07-01,9.8
Ljubljana (Slovenia),2023-07-01,13.8
Bratislava (Slovakia),2023-07-01,11.9
Vienna (Austria),2023-08-01,15.6
Brussels (Belgium),2023-08-01,18.9
Sofia (Bulgaria),2023-08-01,17.8
Bern (Switzerland),2023-08-01,14.9
Nicosia (Cyprus),2023-08-01,12.0
Prague (Czech Republic),2023-08-01,18.5
Berlin (Germany),2023-08-01,17.0
Copenhagen (Denmark),2023-08-01,13.0
Tallinn (Estonia),2023-08-01,6.4
Athens (Greece),2023-08-01,23.9
Madrid (Spain),2023-08-01,18.2
EU27 (aggregate),2023-08-01,17.8
Helsinki (Finland),2023-08-01,11.6
Paris (France),2023-08-01,18.4
Zagreb (Croatia),2023-08-01,27.5
Budapest (Hungary),2023-08-01,21.7
Dublin (Ireland),2023-08-01,15.0
Reykjavik (Iceland),2023-08-01,7.4
Rome (Italy),2023-08-01,19.6
Vilnius (Lithuania),2023-08-01,16.8
Luxembourg (Luxembourg),2023-08-01,13.5
Riga (Latvia),2023-08-01,23.5
Valletta (Malta),2023-08-01,22.2
Amsterdam (Netherlands),2023-08-01,16.4
Oslo (Norway),2023-08-01,12.6
Warsaw (Poland),2023-08-01,27.5
Lisbon (Portugal),2023-08-01,13.1
Bucharest (Romania),2023-08-01,30.2
Stockholm (Sweden),2023-08-01,11.3
Ljubljana (Slovenia),2023-08-01,15.9
Bratislava (Slovakia),2023-08-01,15.0
Vienna (Austria),2023-09-01,20.8
Brussels (Belgium),2023-09-01,24.6
Sofia (Bulgaria),2023-09-01,21.7
Bern (Switzerland),2023-09-01,17.8
Nicosia (Cyprus),2023-09-01,20.7
Prague (Czech Republic),2023-09-01,26.0
Berlin (Germany),2023-09-01,25.7
Copenhagen (Denmark),2023-09-01,17.5
Tallinn (Estonia),2023-09-01,6.6
Athens (Greece),2023-09-01,33.1
Madrid (Spain),2023-09-01,27.9
EU27 (aggregate),2023-09-01,23.6
Helsinki (Finland),2023-09-01,11.3
Paris (France),2023-09-01,32.3
Zagreb (Croatia),2023-09-01,34.1
Budapest (Hungary),2023-09-01,26.4
Dublin (Ireland),2023-09-01,23.9
Reykjavik (Iceland),2023-09-01,10.1
Rome (Italy),2023-09-01,28.4
Vilnius (Lithuania),2023-09-01,20.7
Luxembourg (Luxembourg),2023-09-01,20.1
Riga (Latvia),2023-09-01,28.8
Valletta (Malta),2023-09-01,25.8
Amsterdam (Netherlands),2023-09-01,24.0
Oslo (Norway),2023-09-01,12.6
Warsaw (Poland),2023-09-01,33.8
Lisbon (Portugal),2023-09-01,19.3
Bucharest (Romania),2023-09-01,31.4
Stockholm (Sweden),2023-09-01,13.7
Ljubljana (Slovenia),2023-09-01,19.6
Bratislava (Slovakia),2023-09-01,17.9
Vienna (Austria),2023-10-01,20.1
Brussels (Belgium),2023-10-01,21.7
Sofia (Bulgaria),2023-10-01,30.4
Bern (Switzerland),2023-10-01,19.9
Nicosia (Cyprus),2023-10-01,30.1
Prague (Czech Republic),2023-10-01,23.6
Berlin (Germany),2023-10-01,20.2
Copenhagen (Denmark),2023-10-01,11.4
Tallinn (Estonia),2023-10-01,8.7
Athens (Greece),2023-10-01,37.2
Madrid (Spain),2023-10-01,28.6
EU27 (aggregate),2023-10-01,24.1
Helsinki (Finland),2023-10-01,11.0
Paris (France),2023-10-01,31.5
Zagreb (Croatia),2023-10-01,34.7
Budapest (Hungary),2023-10-01,26.6
Dublin (Ireland),2023-10-01,26.7
Reykjavik (Iceland),2023-10-01,11.7
Rome (Italy),2023-10-01,31.4
Vilnius (Lithuania),2023-10-01,18.9
Luxembourg (Luxembourg),2023-10-01,20.0
Riga (Latvia),2023-10-01,20.4
Valletta (Malta),2023-10-01,32.7
Amsterdam (Netherlands),2023-10-01,21.4
Oslo (Norway),2023-10-01,15.8
Warsaw (Poland),2023-10-01,23.1
Lisbon (Portugal),2023-10-01,26.2
Bucharest (Romania),2023-10-01,39.9
Stockholm (Sweden),2023-10-01,12.0
Ljubljana (Slovenia),2023-10-01,23.2
Bratislava (Slovakia),2023-10-01,18.0
Vienna (Austria),2023-11-01,20.0
Brussels (Belgium),2023-11-01,22.1
Sofia (Bulgaria),2023-11-01,30.1
Bern (Switzerland),2023-11-01,20.5
Nicosia (Cyprus),2023-11-01,27.3
Prague (Czech Republic),2023-11-01,21.3
Berlin (Germany),2023-11-01,21.0
Copenhagen (Denmark),2023-11-01,14.8
Tallinn (Estonia),2023-11-01,13.5
Athens (Greece),2023-11-01,35.4
Madrid (Spain),2023-11-01,28.2
EU27 (aggregate),2023-11-01,24.4
Helsinki (Finland),2023-11-01,15.6
Paris (France),2023-11-01,24.7
Zagreb (Croatia),2023-11-01,38.1
Budapest (Hungary),2023-11-01,25.5
Dublin (Ireland),2023-11-01,25.8
Reykjavik (Iceland),2023-11-01,13.3
Rome (Italy),2023-11-01,32.0
Vilnius (Lithuania),2023-11-01,20.3
Luxembourg (Luxembourg),2023-11-01,15.7
Riga (Latvia),2023-11-01,27.3
Valletta (Malta),2023-11-01,30.7
Amsterdam (Netherlands),2023-11-01,22.9
Oslo (Norway),2023-11-01,17.7
Warsaw (Poland),2023-11-01,23.8
Lisbon (Portugal),2023-11-01,24.5
Bucharest (Romania),2023-11-01,33.5
Stockholm (Sweden),2023-11-01,16.0
Ljubljana (Slovenia),2023-11-01,31.1
Bratislava (Slovakia),2023-11-01,17.1
Vienna (Austria),2023-12-01,24.5
Brussels (Belgium),2023-12-01,21.4
Sofia (Bulgaria),2023-12-01,31.0
Bern (Switzerland),2023-12-01,26.4
Nicosia (Cyprus),2023-12-01,36.3
Prague (Czech Republic),2023-12-01,24.1
Berlin (Germany),2023-12-01,21.0
Copenhagen (Denmark),2023-12-01,11.8
Tallinn (Estonia),2023-12-01,14.0
Athens (Greece),2023-12-01,37.1
Madrid (Spain),2023-12-01,38.9
EU27 (aggregate),2023-12-01,26.8
Helsinki (Finland),2023-12-01,18.4
Paris (France),2023-12-01,25.3
Zagreb (Croatia),2023-12-01,41.3
Budapest (Hungary),2023-12-01,34.4
Dublin (Ireland),2023-12-01,19.2
Reykjavik (Iceland),2023-12-01,18.2
Rome (Italy),2023-12-01,39.9
Vilnius (Lithuania),2023-12-01,21.5
Luxembourg (Luxembourg),2023-12-01,16.7
Riga (Latvia),2023-12-01,31.5
Valletta (Malta),2023-12-01,28.9
Amsterdam (Netherlands),2023-12-01,21.7
Oslo (Norway),2023-12-01,31.0
Warsaw (Poland),2023-12-01,24.0
Lisbon (Portugal),2023-12-01,28.8
Bucharest (Romania),2023-12-01,37.0
Stockholm (Sweden),2023-12-01,17.3
Ljubljana (Slovenia),2023-12-01,36.0
Bratislava (Slovakia),2023-12-01,21.2
Vienna (Austria),2024-01-01,24.7
Brussels (Belgium),2024-01-01,27.6
Sofia (Bulgaria),2024-01-01,31.1
Bern (Switzerland),2024-01-01,24.2
Nicosia (Cyprus),2024-01-01,28.8
Prague (Czech Republic),2024-01-01,26.8
Berlin (Germany),2024-01-01,21.8
Copenhagen (Denmark),2024-01-01,12.8
Tallinn (Estonia),2024-01-01,13.4
Athens (Greece),2024-01-01,33.6
Madrid (Spain),2024-01-01,33.9
EU27 (aggregate),2024-01-01,27.6
Helsinki (Finland),2024-01-01,20.0
Paris (France),2024-01-01,30.8
Zagreb (Croatia),2024-01-01,47.1
Budapest (Hungary),2024-01-01,32.7
Dublin (Ireland),2024-01-01,24.3
Reykjavik (Iceland),2024-01-01,9.8
Rome (Italy),2024-01-01,37.1
Vilnius (Lithuania),2024-01-01,22.2
Luxembourg (Luxembourg),2024-01-01,23.5
Riga (Latvia),2024-01-01,28.6
Amsterdam (Netherlands),2024-01-01,23.9
Oslo (Norway),2024-01-01,43.9
Warsaw (Poland),2024-01-01,24.0
Lisbon (Portugal),2024-01-01,26.2
Bucharest (Romania),2024-01-01,37.6
Stockholm (Sweden),2024-01-01,17.9
Ljubljana (Slovenia),2024-01-01,47.2
Bratislava (Slovakia),2024-01-01,20.0
Vienna (Austria),2024-02-01,20.0
Brussels (Belgium),2024-02-01,20.3
Sofia (Bulgaria),2024-02-01,29.9
Bern (Switzerland),2024-02-01,24.2
Nicosia (Cyprus),2024-02-01,28.9
Prague (Czech Republic),2024-02-01,22.4
Berlin (Germany),2024-02-01,19.8
Copenhagen (Denmark),2024-02-01,12.7
Tallinn (Estonia),2024-02-01,11.1
Athens (Greece),2024-02-01,34.1
Madrid (Spain),2024-02-01,27.9
EU27 (aggregate),2024-02-01,24.6
Helsinki (Finland),2024-02-01,16.8
Paris (France),2024-02-01,23.4
Zagreb (Croatia),2024-02-01,44.1
Budapest (Hungary),2024-02-01,24.6
Dublin (Ireland),2024-02-01,24.8
Reykjavik (Iceland),2024-02-01,13.2
Rome (Italy),2024-02-01,39.3
Vilnius (Lithuania),2024-02-01,21.3
Luxembourg (Luxembourg),2024-02-01,16.4
Riga (Latvia),2024-02-01,26.0
Valletta (Malta),2024-02-01,24.7
Amsterdam (Netherlands),2024-02-01,21.2
Oslo (Norway),2024-02-01,24.1
Warsaw (Poland),2024-02-01,22.0
Lisbon (Portugal),2024-02-01,22.1
Bucharest (Romania),2024-02-01,35.7
Stockholm (Sweden),2024-02-01,16.7
Ljubljana (Slovenia),2024-02-01,39.4
Bratislava (Slovakia),2024-02-01,17.8
Vienna (Austria),2024-03-01,18.4
Brussels (Belgium),2024-03-01,24.4
Sofia (Bulgaria),2024-03-01,26.1
Bern (Switzerland),2024-03-01,19.2
Nicosia (Cyprus),2024-03-01,24.2
Prague (Czech Republic),2024-03-01,24.7
Berlin (Germany),2024-03-01,21.0
Copenhagen (Denmark),2024-03-01,13.9
Tallinn (Estonia),2024-03-01,11.3
Athens (Greece),2024-03-01,33.6
Madrid (Spain),2024-03-01,21.2
EU27 (aggregate),2024-03-01,22.8
Helsinki (Finland),2024-03-01,16.3
Paris (France),2024-03-01,26.9
Zagreb (Croatia),2024-03-01,37.9
Budapest (Hungary),2024-03-01,22.8
Dublin (Ireland),2024-03-01,23.8
Reykjavik (Iceland),2024-03-01,5.1
Rome (Italy),2024-03-01,34.0
Vilnius (Lithuania),2024-03-01,19.2
Luxembourg (Luxembourg),2024-03-01,19.5
Riga (Latvia),2024-03-01,23.9
Valletta (Malta),2024-03-01,20.2
Amsterdam (Netherlands),2024-03-01,21.3
Oslo (Norway),2024-03-01,17.5
Warsaw (Poland),2024-03-01,22.2
Lisbon (Portugal),2024-03-01,19.0
Bucharest (Romania),2024-03-01,32.9
Stockholm (Sweden),2024-03-01,14.0
Ljubljana (Slovenia),2024-03-01,28.7
Bratislava (Slovakia),2024-03-01,15.2
Vienna (Austria),2024-04-01,16.2
Brussels (Belgium),2024-04-01,18.9
Sofia (Bulgaria),2024-04-01,22.2
Bern (Switzerland),2024-04-01,16.5
Nicosia (Cyprus),2024-04-01,20.1
Prague (Czech Republic),2024-04-01,19.1
Berlin (Germany),2024-04-01,19.0
Copenhagen (Denmark),2024-04-01,11.8
Tallinn (Estonia),2024-04-01,8.1
Athens (Greece),2024-04-01,32.3
Madrid (Spain),2024-04-01,19.5
EU27 (aggregate),2024-04-01,19.7
Helsinki (Finland),2024-04-01,11.5
Paris (France),2024-04-01,20.8
Zagreb (Croatia),2024-04-01,32.5
Budapest (Hungary),2024-04-01,21.5
Dublin (Ireland),2024-04-01,21.8
Reykjavik (Iceland),2024-04-01,4.0
Rome (Italy),2024-04-01,28.3
Vilnius (Lithuania),2024-04-01,20.2
Luxembourg (Luxembourg),2024-04-01,15.9
Riga (Latvia),2024-04-01,21.4
Valletta (Malta),2024-04-01,15.5
Amsterdam (Netherlands),2024-04-01,17.0
Oslo (Norway),2024-04-01,14.0
Warsaw (Poland),2024-04-01,22.6
Lisbon (Portugal),2024-04-01,18.4
Bucharest (Romania),2024-04-01,31.6
Stockholm (Sweden),2024-04-01,11.8
Ljubljana (Slovenia),2024-04-01,21.6
Bratislava (Slovakia),2024-04-01,13.5
Vienna (Austria),2024-05-01,14.5
Brussels (Belgium),2024-05-01,21.6
Sofia (Bulgaria),2024-05-01,16.6
Bern (Switzerland),2024-05-01,13.5
Nicosia (Cyprus),2024-05-01,14.4
Prague (Czech Republic),2024-05-01,19.0
Berlin (Germany),2024-05-01,14.0
Copenhagen (Denmark),2024-05-01,12.6
Tallinn (Estonia),2024-05-01,10.4
Athens (Greece),2024-05-01,31.8
Madrid (Spain),2024-05-01,14.5
EU27 (aggregate),2024-05-01,18.5
Helsinki (Finland),2024-05-01,14.5
Paris (France),2024-05-01,20.7
Zagreb (Croatia),2024-05-01,27.7
Budapest (Hungary),2024-05-01,18.4
Dublin (Ireland),2024-05-01,25.0
Reykjavik (Iceland),2024-05-01,3.0
Rome (Italy),2024-05-01,23.6
Vilnius (Lithuania),2024-05-01,21.0
Luxembourg (Luxembourg),2024-05-01,13.3
Riga (Latvia),2024-05-01,19.6
Valletta (Malta),2024-05-01,18.1
Amsterdam (Netherlands),2024-05-01,18.9
Oslo (Norway),2024-05-01,15.7
Warsaw (Poland),2024-05-01,22.1
Lisbon (Portugal),2024-05-01,14.1
Bucharest (Romania),2024-05-01,29.2
Stockholm (Sweden),2024-05-01,14.2
Ljubljana (Slovenia),2024-05-01,19.2
Bratislava (Slovakia),2024-05-01,11.7
Vienna (Austria),2024-06-01,13.2
Brussels (Belgium),2024-06-01,20.2
Sofia (Bulgaria),2024-06-01,19.3
Bern (Switzerland),2024-06-01,12.0
Nicosia (Cyprus),2024-06-01,15.5
Prague (Czech Republic),2024-06-01,16.2
Berlin (Germany),2024-06-01,15.0
Copenhagen (Denmark),2024-06-01,9.6
Tallinn (Estonia),2024-06-01,6.2
Athens (Greece),2024-06-01,36.7
Madrid (Spain),2024-06-01,14.2
EU27 (aggregate),2024-06-01,16.7
Helsinki (Finland),2024-06-01,10.4
Paris (France),2024-06-01,18.4
Zagreb (Croatia),2024-06-01,25.3
Budapest (Hungary),2024-06-01,17.5
Dublin (Ireland),2024-06-01,15.1
Reykjavik (Iceland),2024-06-01,2.9
Rome (Italy),2024-06-01,23.1
Vilnius (Lithuania),2024-06-01,19.2
Luxembourg (Luxembourg),2024-06-01,11.3
Riga (Latvia),2024-06-01,16.9
Valletta (Malta),2024-06-01,16.8
Amsterdam (Netherlands),2024-06-01,15.4
Oslo (Norway),2024-06-01,11.6
Warsaw (Poland),2024-06-01,22.6
Lisbon (Portugal),2024-06-01,12.8
Bucharest (Romania),2024-06-01,18.7
Stockholm (Sweden),2024-06-01,11.3
Ljubljana (Slovenia),2024-06-01,17.1
Bratislava (Slovakia),2024-06-01,11.7
Vienna (Austria),2024-07-01,12.2
Brussels (Belgium),2024-07-01,16.6
Sofia (Bulgaria),2024-07-01,19.5
Bern (Switzerland),2024-07-01,10.6
Nicosia (Cyprus),2024-07-01,13.2
Prague (Czech Republic),2024-07-01,16.1
Berlin (Germany),2024-07-01,15.0
Copenhagen (Denmark),2024-07-01,10.2
Tallinn (Estonia),2024-07-01,6.1
Athens (Greece),2024-07-01,28.1
Madrid (Spain),2024-07-01,16.2
EU27 (aggregate),2024-07-01,16.5
Helsinki (Finland),2024-07-01,9.1
Paris (France),2024-07-01,18.9
Zagreb (Croatia),2024-07-01,27.4
Budapest (Hungary),2024-07-01,16.1
Dublin (Ireland),2024-07-01,15.7
Reykjavik (Iceland),2024-07-01,4.1
Rome (Italy),2024-07-01,21.8
Vilnius (Lithuania),2024-07-01,18.0
Luxembourg (Luxembourg),2024-07-01,13.7
Riga (Latvia),2024-07-01,15.6
Valletta (Malta),2024-07-01,17.0
Amsterdam (Netherlands),2024-07-01,15.3
Oslo (Norway),2024-07-01,11.8
Warsaw (Poland),2024-07-01,23.1
Lisbon (Portugal),2024-07-01,13.9
Bucharest (Romania),2024-07-01,26.7
Stockholm (Sweden),2024-07-01,9.4
Ljubljana (Slovenia),2024-07-01,16.6
Bratislava (Slovakia),2024-07-01,14.6
Vienna (Austria),2024-08-01,15.5
Brussels (Belgium),2024-08-01,15.1
Sofia (Bulgaria),2024-08-01,22.1
Bern (Switzerland),2024-08-01,13.3
Nicosia (Cyprus),2024-08-01,11.4
Prague (Czech Republic),2024-08-01,20.3
Berlin (Germany),2024-08-01,14.9
Copenhagen (Denmark),2024-08-01,11.1
Tallinn (Estonia),2024-08-01,5.8
Athens (Greece),2024-08-01,28.4
Madrid (Spain),2024-08-01,14.6
EU27 (aggregate),2024-08-01,17.4
Helsinki (Finland),2024-08-01,9.6
Paris (France),2024-08-01,16.7
Zagreb (Croatia),2024-08-01,28.3
Budapest (Hungary),2024-08-01,22.2
Dublin (Ireland),2024-08-01,14.0
Reykjavik (Iceland),2024-08-01,4.9
Rome (Italy),2024-08-01,18.8
Vilnius (Lithuania),2024-08-01,22.8
Luxembourg (Luxembourg),2024-08-01,13.7
Riga (Latvia),2024-08-01,19.7
Valletta (Malta),2024-08-01,16.7
Amsterdam (Netherlands),2024-08-01,16.1
Oslo (Norway),2024-08-01,12.4
Warsaw (Poland),2024-08-01,25.1
Lisbon (Portugal),2024-08-01,10.8
Bucharest (Romania),2024-08-01,31.2
Stockholm (Sweden),2024-08-01,10.6
Ljubljana (Slovenia),2024-08-01,18.4
Bratislava (Slovakia),2024-08-01,15.5
Vienna (Austria),2024-09-01,17.7
Brussels (Belgium),2024-09-01,19.7
Sofia (Bulgaria),2024-09-01,26.9
Bern (Switzerland),2024-09-01,15.4
Nicosia (Cyprus),2024-09-01,18.4
Prague (Czech Republic),2024-09-01,20.1
Berlin (Germany),2024-09-01,15.2
Copenhagen (Denmark),2024-09-01,14.6
Tallinn (Estonia),2024-09-01,8.9
Athens (Greece),2024-09-01,34.6
Madrid (Spain),2024-09-01,17.5
EU27 (aggregate),2024-09-01,20.6
Helsinki (Finland),2024-09-01,13.0
Paris (France),2024-09-01,20.2
Zagreb (Croatia),2024-09-01,30.2
Budapest (Hungary),2024-09-01,22.0
Dublin (Ireland),2024-09-01,21.0
Reykjavik (Iceland),2024-09-01,7.0
Rome (Italy),2024-09-01,23.9
Vilnius (Lithuania),2024-09-01,22.0
Luxembourg (Luxembourg),2024-09-01,15.3
Riga (Latvia),2024-09-01,24.2
Valletta (Malta),2024-09-01,22.1
Amsterdam (Netherlands),2024-09-01,18.5
Oslo (Norway),2024-09-01,17.7
Warsaw (Poland),2024-09-01,23.4
Lisbon (Portugal),2024-09-01,18.0
Bucharest (Romania),2024-09-01,35.7
Stockholm (Sweden),2024-09-01,14.1
Ljubljana (Slovenia),2024-09-01,21.1
Bratislava (Slovakia),2024-09-01,18.8
Vienna (Austria),2024-10-01,18.3
Brussels (Belgium),2024-10-01,23.0
Sofia (Bulgaria),2024-10-01,35.3
Bern (Switzerland),2024-10-01,17.0
Nicosia (Cyprus),2024-10-01,25.5
Prague (Czech Republic),2024-10-01,21.7
Berlin (Germany),2024-10-01,19.4
Copenhagen (Denmark),2024-10-01,14.6
Tallinn (Estonia),2024-10-01,8.0
Athens (Greece),2024-10-01,29.3
Madrid (Spain),2024-10-01,20.6
EU27 (aggregate),2024-10-01,23.2
Helsinki (Finland),2024-10-01,11.4
Paris (France),2024-10-01,24.2
Zagreb (Croatia),2024-10-01,29.8
Budapest (Hungary),2024-10-01,26.5
Dublin (Ireland),2024-10-01,21.9
Reykjavik (Iceland),2024-10-01,10.6
Rome (Italy),2024-10-01,27.1
Vilnius (Lithuania),2024-10-01,25.9
Luxembourg (Luxembourg),2024-10-01,17.5
Riga (Latvia),2024-10-01,31.1
Valletta (Malta),2024-10-01,32.7
Amsterdam (Netherlands),2024-10-01,23.8
Oslo (Norway),2024-10-01,20.2
Warsaw (Poland),2024-10-01,25.5
Lisbon (Portugal),2024-10-01,19.8
Bucharest (Romania),2024-10-01,38.1
Stockholm (Sweden),2024-10-01,14.4
Ljubljana (Slovenia),2024-10-01,24.3
Bratislava (Slovakia),2024-10-01,16.2
Vienna (Austria),2024-11-01,24.1
Brussels (Belgium),2024-11-01,24.6
Sofia (Bulgaria),2024-11-01,34.3
Bern (Switzerland),2024-11-01,21.8
Nicosia (Cyprus),2024-11-01,31.3
Prague (Czech Republic),2024-11-01,24.7
Berlin (Germany),2024-11-01,20.0
Copenhagen (Denmark),2024-11-01,14.2
Tallinn (Estonia),2024-11-01,7.2
Athens (Greece),2024-11-01,30.5
Madrid (Spain),2024-11-01,30.2
EU27 (aggregate),2024-11-01,25.3
Helsinki (Finland),2024-11-01,12.4
Paris (France),2024-11-01,24.6
Zagreb (Croatia),2024-11-01,33.3
Budapest (Hungary),2024-11-01,30.6
Dublin (Ireland),2024-11-01,27.4
Reykjavik (Iceland),2024-11-01,10.2
Rome (Italy),2024-11-01,32.5
Vilnius (Lithuania),2024-11-01,23.1
Luxembourg (Luxembourg),2024-11-01,18.3
Riga (Latvia),2024-11-01,17.9
Valletta (Malta),2024-11-01,43.5
Amsterdam (Netherlands),2024-11-01,24.8
Oslo (Norway),2024-11-01,25.1
Warsaw (Poland),2024-11-01,23.7
Lisbon (Portugal),2024-11-01,26.2
Bucharest (Romania),2024-11-01,36.8
Stockholm (Sweden),2024-11-01,13.5
Ljubljana (Slovenia),2024-11-01,32.6
Bratislava (Slovakia),2024-11-01,19.8
Vienna (Austria),2024-12-01,23.1
Brussels (Belgium),2024-12-01,22.1
Sofia (Bulgaria),2024-12-01,28.5
Bern (Switzerland),2024-12-01,23.7
Nicosia (Cyprus),2024-12-01,33.3
Prague (Czech Republic),2024-12-01,22.2
Berlin (Germany),2024-12-01,18.2
Copenhagen (Denmark),2024-12-01,11.2
Tallinn (Estonia),2024-12-01,8.3
Athens (Greece),2024-12-01,32.5
Madrid (Spain),2024-12-01,37.6
EU27 (aggregate),2024-12-01,24.2
Helsinki (Finland),2024-12-01,13.2
Paris (France),2024-12-01,24.1
Zagreb (Croatia),2024-12-01,38.1
Budapest (Hungary),2024-12-01,28.0
Dublin (Ireland),2024-12-01,22.6
Reykjavik (Iceland),2024-12-01,12.1
Rome (Italy),2024-12-01,33.8
Vilnius (Lithuania),2024-12-01,21.1
Luxembourg (Luxembourg),2024-12-01,18.9
Riga (Latvia),2024-12-01,17.7
Valletta (Malta),2024-12-01,27.3
Amsterdam (Netherlands),2024-12-01,21.3
Oslo (Norway),2024-12-01,26.4
Warsaw (Poland),2024-12-01,22.9
Lisbon (Portugal),2024-12-01,27.0
Bucharest (Romania),2024-12-01,29.0
Stockholm (Sweden),2024-12-01,15.0
Ljubljana (Slovenia),2024-12-01,38.5
Bratislava (Slovakia),2024-12-01,18.8
Vienna (Austria),2025-01-01,21.9
Brussels (Belgium),2025-01-01,28.9
Sofia (Bulgaria),2025-01-01,46.8
Bern (Switzerland),2025-01-01,25.4
Nicosia (Cyprus),2025-01-01,36.2
Prague (Czech Republic),2025-01-01,23.8
Berlin (Germany),2025-01-01,21.9
Copenhagen (Denmark),2025-01-01,11.6
Tallinn (Estonia),2025-01-01,11.8
Athens (Greece),2025-01-01,37.7
Madrid (Spain),2025-01-01,30.5
EU27 (aggregate),2025-01-01,25.9
Helsinki (Finland),2025-01-01,13.5
Paris (France),2025-01-01,28.6
Zagreb (Croatia),2025-01-01,29.4
Budapest (Hungary),2025-01-01,24.9
Dublin (Ireland),2025-01-01,31.7
Reykjavik (Iceland),2025-01-01,16.3
Rome (Italy),2025-01-01,31.7
Vilnius (Lithuania),2025-01-01,21.1
Luxembourg (Luxembourg),2025-01-01,21.4
Riga (Latvia),2025-01-01,21.2
Valletta (Malta),2025-01-01,28.0
Oslo (Norway),2025-01-01,30.8
Warsaw (Poland),2025-01-01,24.7
Lisbon (Portugal),2025-01-01,23.6
Bucharest (Romania),2025-01-01,39.0
Stockholm (Sweden),2025-01-01,13.8
Ljubljana (Slovenia),2025-01-01,30.3
Bratislava (Slovakia),2025-01-01,18.1
Vienna (Austria),2025-02-01,23.6
Brussels (Belgium),2025-02-01,28.4
Sofia (Bulgaria),2025-02-01,32.1
Bern (Switzerland),2025-02-01,23.7
Nicosia (Cyprus),2025-02-01,30.0
Prague (Czech Republic),2025-02-01,35.0
Berlin (Germany),2025-02-01,26.4
Copenhagen (Denmark),2025-02-01,12.1
Tallinn (Estonia),2025-02-01,11.8
Athens (Greece),2025-02-01,28.0
Madrid (Spain),2025-02-01,34.6
EU27 (aggregate),2025-02-01,27.8
Helsinki (Finland),2025-02-01,13.3
Paris (France),2025-02-01,30.4
Zagreb (Croatia),2025-02-01,38.5
Budapest (Hungary),2025-02-01,33.4
Dublin (Ireland),2025-02-01,25.0
Reykjavik (Iceland),2025-02-01,7.0
Rome (Italy),2025-02-01,35.8
Vilnius (Lithuania),2025-02-01,33.0
Luxembourg (Luxembourg),2025-02-01,22.5
Riga (Latvia),2025-02-01,26.8
Valletta (Malta),2025-02-01,29.0
Oslo (Norway),2025-02-01,27.7
Warsaw (Poland),2025-02-01,29.5
Lisbon (Portugal),2025-02-01,27.2
Bucharest (Romania),2025-02-01,44.6
Stockholm (Sweden),2025-02-01,15.8
Ljubljana (Slovenia),2025-02-01,33.5
Bratislava (Slovakia),2025-02-01,21.5
Vienna (Austria),2025-03-01,23.5
Brussels (Belgium),2025-03-01,33.0
Sofia (Bulgaria),2025-03-01,27.4
Bern (Switzerland),2025-03-01,26.5
Nicosia (Cyprus),2025-03-01,24.2
Prague (Czech Republic),2025-03-01,33.7
Berlin (Germany),2025-03-01,27.9
Copenhagen (Denmark),2025-03-01,9.4
Tallinn (Estonia),2025-03-01,10.2
Athens (Greece),2025-03-01,43.0
Madrid (Spain),2025-03-01,19.9
EU27 (aggregate),2025-03-01,25.7
Helsinki (Finland),2025-03-01,11.7
Paris (France),2025-03-01,30.1
Zagreb (Croatia),2025-03-01,36.6
Budapest (Hungary),2025-03-01,28.4
Dublin (Ireland),2025-03-01,24.6
Reykjavik (Iceland),2025-03-01,8.4
Rome (Italy),2025-03-01,28.0
Vilnius (Lithuania),2025-03-01,34.6
Luxembourg (Luxembourg),2025-03-01,24.5
Riga (Latvia),2025-03-01,23.6
Valletta (Malta),2025-03-01,20.5
Amsterdam (Netherlands),2025-03-01,27.0
Oslo (Norway),2025-03-01,18.4
Warsaw (Poland),2025-03-01,32.2
Lisbon (Portugal),2025-03-01,16.8
Bucharest (Romania),2025-03-01,40.8
Stockholm (Sweden),2025-03-01,11.2
Ljubljana (Slovenia),2025-03-01,30.5
Bratislava (Slovakia),2025-03-01,22.1
Vienna (Austria),2025-04-01,15.0
Brussels (Belgium),2025-04-01,23.8
Sofia (Bulgaria),2025-04-01,20.8
Bern (Switzerland),2025-04-01,19.3
Nicosia (Cyprus),2025-04-01,15.2
Prague (Czech Republic),2025-04-01,23.5
Berlin (Germany),2025-04-01,16.5
Copenhagen (Denmark),2025-04-01,7.5
Tallinn (Estonia),2025-04-01,10.8
Athens (Greece),2025-04-01,31.2
Madrid (Spain),2025-04-01,16.2
EU27 (aggregate),2025-04-01,19.5
Helsinki (Finland),2025-04-01,9.5
Paris (France),2025-04-01,24.4
Zagreb (Croatia),2025-04-01,28.2
Budapest (Hungary),2025-04-01,16.8
Dublin (Ireland),2025-04-01,30.1
Reykjavik (Iceland),2025-04-01,3.6
Rome (Italy),2025-04-01,22.6
Vilnius (Lithuania),2025-04-01,21.8
Luxembourg (Luxembourg),2025-04-01,18.1
Riga (Latvia),2025-04-01,15.8
Valletta (Malta),2025-04-01,19.2
Amsterdam (Netherlands),2025-04-01,18.0
Oslo (Norway),2025-04-01,15.3
Warsaw (Poland),2025-04-01,23.0
Lisbon (Portugal),2025-04-01,16.3
Bucharest (Romania),2025-04-01,35.1
Stockholm (Sweden),2025-04-01,11.3
Ljubljana (Slovenia),2025-04-01,20.2
Bratislava (Slovakia),2025-04-01,16.0
Vienna (Austria),2025-05-01,13.1
Brussels (Belgium),2025-05-01,18.3
Sofia (Bulgaria),2025-05-01,16.9
Bern (Switzerland),2025-05-01,12.6
Nicosia (Cyprus),2025-05-01,15.9
Prague (Czech Republic),2025-05-01,18.5
Berlin (Germany),2025-05-01,13.8
Copenhagen (Denmark),2025-05-01,6.9
Tallinn (Estonia),2025-05-01,8.7
Athens (Greece),2025-05-01,31.9
Madrid (Spain),2025-05-01,14.8
EU27 (aggregate),2025-05-01,16.9
Helsinki (Finland),2025-05-01,8.4
Paris (France),2025-05-01,18.8
Zagreb (Croatia),2025-05-01,23.8
Budapest (Hungary),2025-05-01,16.1
Dublin (Ireland),2025-05-01,20.5
Reykjavik (Iceland),2025-05-01,4.3
Rome (Italy),2025-05-01,20.9
Vilnius (Lithuania),2025-05-01,18.5
Luxembourg (Luxembourg),2025-05-01,14.2
Riga (Latvia),2025-05-01,12.9
Valletta (Malta),2025-05-01,17.6
Amsterdam (Netherlands),2025-05-01,14.0
Oslo (Norway),2025-05-01,11.7
Warsaw (Poland),2025-05-01,22.5
Lisbon (Portugal),2025-05-01,16.6
Bucharest (Romania),2025-05-01,28.7
Stockholm (Sweden),2025-05-01,9.6
Ljubljana (Slovenia),2025-05-01,15.9
Bratislava (Slovakia),2025-05-01,19.0
Vienna (Austria),2025-06-01,12.5
Brussels (Belgium),2025-06-01,15.7
Sofia (Bulgaria),2025-06-01,18.3
Bern (Switzerland),2025-06-01,11.6
Nicosia (Cyprus),2025-06-01,14.3
Prague (Czech Republic),2025-06-01,16.3
Berlin (Germany),2025-06-01,13.7
Copenhagen (Denmark),2025-06-01,5.9
Tallinn (Estonia),2025-06-01,5.2
Athens (Greece),2025-06-01,32.9
Madrid (Spain),2025-06-01,18.1
EU27 (aggregate),2025-06-01,16.0
Helsinki (Finland),2025-06-01,7.4
Paris (France),2025-06-01,18.1
Zagreb (Croatia),2025-06-01,23.4
Budapest (Hungary),2025-06-01,15.5
Dublin (Ireland),2025-06-01,16.5
Reykjavik (Iceland),2025-06-01,4.4
Rome (Italy),2025-06-01,22.8
Vilnius (Lithuania),2025-06-01,12.1
Luxembourg (Luxembourg),2025-06-01,12.9
Riga (Latvia),2025-06-01,12.5
Valletta (Malta),2025-06-01,22.2
Amsterdam (Netherlands),2025-06-01,13.5
Oslo (Norway),2025-06-01,10.8
Warsaw (Poland),2025-06-01,18.2
Lisbon (Portugal),2025-06-01,14.1
Bucharest (Romania),2025-06-01,29.9
Stockholm (Sweden),2025-06-01,9.3
Ljubljana (Slovenia),2025-06-01,14.7
Bratislava (Slovakia),2025-06-01,16.3
Vienna (Austria),2025-07-01,10.8
Brussels (Belgium),2025-07-01,14.8
Sofia (Bulgaria),2025-07-01,17.3
Bern (Switzerland),2025-07-01,10.3
Nicosia (Cyprus),2025-07-01,12.2
Prague (Czech Republic),2025-07-01,15.6
Berlin (Germany),2025-07-01,14.5
Copenhagen (Denmark),2025-07-01,6.0
Tallinn (Estonia),2025-07-01,9.5
Athens (Greece),2025-07-01,34.7
Madrid (Spain),2025-07-01,13.9
EU27 (aggregate),2025-07-01,15.7
Helsinki (Finland),2025-07-01,9.1
Paris (France),2025-07-01,16.7
Zagreb (Croatia),2025-07-01,22.5
Budapest (Hungary),2025-07-01,14.0
Dublin (Ireland),2025-07-01,17.8
Reykjavik (Iceland),2025-07-01,4.2
Rome (Italy),2025-07-01,19.0
Vilnius (Lithuania),2025-07-01,13.7
Luxembourg (Luxembourg),2025-07-01,13.5
Riga (Latvia),2025-07-01,15.0
Valletta (Malta),2025-07-01,17.7
Amsterdam (Netherlands),2025-07-01,13.4
Oslo (Norway),2025-07-01,11.5
Warsaw (Poland),2025-07-01,22.0
Lisbon (Portugal),2025-07-01,14.0
Bucharest (Romania),2025-07-01,33.1
Stockholm (Sweden),2025-07-01,8.7
Ljubljana (Slovenia),2025-07-01,14.8
Bratislava (Slovakia),2025-07-01,10.3
Vienna (Austria),2025-08-01,13.6
Brussels (Belgium),2025-08-01,15.5
Sofia (Bulgaria),2025-08-01,16.9
Bern (Switzerland),2025-08-01,12.1
Nicosia (Cyprus),2025-08-01,10.4
Prague (Czech Republic),2025-08-01,20.2
Berlin (Germany),2025-08-01,15.9
Copenhagen (Denmark),2025-08-01,9.0
Tallinn (Estonia),2025-08-01,5.8
Athens (Greece),2025-08-01,21.1
Madrid (Spain),2025-08-01,16.6
EU27 (aggregate),2025-08-01,16.3
Helsinki (Finland),2025-08-01,7.3
Paris (France),2025-08-01,16.9
Zagreb (Croatia),2025-08-01,22.5
Budapest (Hungary),2025-08-01,19.2
Dublin (Ireland),2025-08-01,17.7
Reykjavik (Iceland),2025-08-01,3.9
Rome (Italy),2025-08-01,17.7
Vilnius (Lithuania),2025-08-01,15.9
Luxembourg (Luxembourg),2025-08-01,13.1
Riga (Latvia),2025-08-01,17.2
Valletta (Malta),2025-08-01,20.4
Amsterdam (Netherlands),2025-08-01,14.3
Oslo (Norway),2025-08-01,11.9
Warsaw (Poland),2025-08-01,22.4
Lisbon (Portugal),2025-08-01,15.6
Bucharest (Romania),2025-08-01,34.1
Stockholm (Sweden),2025-08-01,9.4
Ljubljana (Slovenia),2025-08-01,16.3
Bratislava (Slovakia),2025-08-01,14.2
Vienna (Austria),2025-09-01,14.3
Brussels (Belgium),2025-09-01,16.9
Sofia (Bulgaria),2025-09-01,19.8
Bern (Switzerland),2025-09-01,12.2
Nicosia (Cyprus),2025-09-01,16.2
Prague (Czech Republic),2025-09-01,19.2
Berlin (Germany),2025-09-01,16.3
Copenhagen (Denmark),2025-09-01,9.7
Tallinn (Estonia),2025-09-01,7.7
Athens (Greece),2025-09-01,26.7
Madrid (Spain),2025-09-01,18.8
EU27 (aggregate),2025-09-01,18.1
Helsinki (Finland),2025-09-01,9.7
Paris (France),2025-09-01,19.6
Zagreb (Croatia),2025-09-01,21.3
Budapest (Hungary),2025-09-01,18.9
Dublin (Ireland),2025-09-01,19.0
Reykjavik (Iceland),2025-09-01,3.5
Rome (Italy),2025-09-01,22.1
Vilnius (Lithuania),2025-09-01,17.0
Luxembourg (Luxembourg),2025-09-01,13.3
Riga (Latvia),2025-09-01,19.5
Valletta (Malta),2025-09-01,24.5
Amsterdam (Netherlands),2025-09-01,15.5
Oslo (Norway),2025-09-01,15.0
Warsaw (Poland),2025-09-01,20.9
Lisbon (Portugal),2025-09-01,18.8
Bucharest (Romania),2025-09-01,37.7
Stockholm (Sweden),2025-09-01,10.7
Ljubljana (Slovenia),2025-09-01,19.2
Bratislava (Slovakia),2025-09-01,14.4
Brussels (Belgium),2025-10-01,20.4
Sofia (Bulgaria),2025-10-01,24.6
Bern (Switzerland),2025-10-01,15.4
Nicosia (Cyprus),2025-10-01,19.6
Prague (Czech Republic),2025-10-01,19.9
Berlin (Germany),2025-10-01,17.0
Tallinn (Estonia),2025-10-01,8.7
Athens (Greece),2025-10-01,28.7
Madrid (Spain),2025-10-01,24.1
EU27 (aggregate),2025-10-01,21.3
Helsinki (Finland),2025-10-01,10.9
Paris (France),2025-10-01,21.6
Zagreb (Croatia),2025-10-01,32.0
Budapest (Hungary),2025-10-01,21.4
Reykjavik (Iceland),2025-10-01,10.0
Rome (Italy),2025-10-01,27.2
Vilnius (Lithuania),2025-10-01,21.0
Luxembourg (Luxembourg),2025-10-01,14.2
Riga (Latvia),2025-10-01,20.9
Valletta (Malta),2025-10-01,31.4
Amsterdam (Netherlands),2025-10-01,16.3
Warsaw (Poland),2025-10-01,21.5
Lisbon (Portugal),2025-10-01,23.8
Bucharest (Romania),2025-10-01,34.2
Stockholm (Sweden),2025-10-01,12.8
Ljubljana (Slovenia),2025-10-01,24.2
Bratislava (Slovakia),2025-10-01,15.3
